Copyright 1986-2022 Xilinx, Inc. All Rights Reserved. Copyright 2022-2025 Advanced Micro Devices, Inc. All Rights Reserved.
---------------------------------------------------------------------------------------------------------------------------------------------------------------------------------------------------------------------------------
| Tool Version : Vivado v.2025.2 (win64) Build 6299465 Fri Nov 14 19:35:11 GMT 2025
| Date         : Thu Feb 26 18:12:43 2026
| Host         : Sahan running 64-bit major release  (build 9200)
| Command      : report_timing_summary -max_paths 10 -routable_nets -report_unconstrained -file top_usr_timing_summary_routed.rpt -pb top_usr_timing_summary_routed.pb -rpx top_usr_timing_summary_routed.rpx -warn_on_violation
| Design       : top_usr
| Device       : 7a100t-csg324
| Speed File   : -1  PRODUCTION 1.23 2018-06-13
| Design State : Routed
---------------------------------------------------------------------------------------------------------------------------------------------------------------------------------------------------------------------------------

Timing Summary Report

------------------------------------------------------------------------------------------------
| Timer Settings
| --------------
------------------------------------------------------------------------------------------------

  Enable Multi Corner Analysis               :  Yes
  Enable Pessimism Removal                   :  Yes
  Pessimism Removal Resolution               :  Nearest Common Node
  Enable Input Delay Default Clock           :  No
  Enable Preset / Clear Arcs                 :  No
  Disable Flight Delays                      :  No
  Ignore I/O Paths                           :  No
  Timing Early Launch at Borrowing Latches   :  No
  Borrow Time for Max Delay Exceptions       :  Yes
  Merge Timing Exceptions                    :  Yes
  Inter-SLR Compensation                     :  Conservative

  Corner  Analyze    Analyze    
  Name    Max Paths  Min Paths  
  ------  ---------  ---------  
  Slow    Yes        Yes        
  Fast    Yes        Yes        


------------------------------------------------------------------------------------------------
| Report Methodology
| ------------------
------------------------------------------------------------------------------------------------

Rule       Severity          Description                    Violations  
---------  ----------------  -----------------------------  ----------  
TIMING-17  Critical Warning  Non-clocked sequential cell    4           
TIMING-18  Warning           Missing input or output delay  1           

Note: This report is based on the most recent report_methodology run and may not be up-to-date. Run report_methodology on the current design for the latest report.



check_timing report

Table of Contents
-----------------
1. checking no_clock (4)
2. checking constant_clock (0)
3. checking pulse_width_clock (0)
4. checking unconstrained_internal_endpoints (12)
5. checking no_input_delay (8)
6. checking no_output_delay (4)
7. checking multiple_clock (0)
8. checking generated_clocks (0)
9. checking loops (0)
10. checking partial_input_delay (0)
11. checking partial_output_delay (0)
12. checking latch_loops (0)

1. checking no_clock (4)
------------------------
 There are 4 register/latch pins with no clock driven by root clock pin: clk_div_inst/internal_clk_reg/Q (HIGH)


2. checking constant_clock (0)
------------------------------
 There are 0 register/latch pins with constant_clock.


3. checking pulse_width_clock (0)
---------------------------------
 There are 0 register/latch pins which need pulse_width check


4. checking unconstrained_internal_endpoints (12)
-------------------------------------------------
 There are 12 pins that are not constrained for maximum delay. (HIGH)

 There are 0 pins that are not constrained for maximum delay due to constant clock.


5. checking no_input_delay (8)
------------------------------
 There are 8 input ports with no input delay specified. (HIGH)

 There are 0 input ports with no input delay but user has a false path constraint.


6. checking no_output_delay (4)
-------------------------------
 There are 4 ports with no output delay specified. (HIGH)

 There are 0 ports with no output delay but user has a false path constraint

 There are 0 ports with no output delay but with a timing clock defined on it or propagating through it


7. checking multiple_clock (0)
------------------------------
 There are 0 register/latch pins with multiple clocks.


8. checking generated_clocks (0)
--------------------------------
 There are 0 generated clocks that are not connected to a clock source.


9. checking loops (0)
---------------------
 There are 0 combinational loops in the design.


10. checking partial_input_delay (0)
------------------------------------
 There are 0 input ports with partial input delay specified.


11. checking partial_output_delay (0)
-------------------------------------
 There are 0 ports with partial output delay specified.


12. checking latch_loops (0)
----------------------------
 There are 0 combinational latch loops in the design through latch input



------------------------------------------------------------------------------------------------
| Design Timing Summary
| ---------------------
------------------------------------------------------------------------------------------------

    WNS(ns)      TNS(ns)  TNS Failing Endpoints  TNS Total Endpoints      WHS(ns)      THS(ns)  THS Failing Endpoints  THS Total Endpoints     WPWS(ns)     TPWS(ns)  TPWS Failing Endpoints  TPWS Total Endpoints  
    -------      -------  ---------------------  -------------------      -------      -------  ---------------------  -------------------     --------     --------  ----------------------  --------------------  
      5.236        0.000                      0                   27        0.263        0.000                      0                   27        4.500        0.000                       0                    28  


All user specified timing constraints are met.


------------------------------------------------------------------------------------------------
| Clock Summary
| -------------
------------------------------------------------------------------------------------------------

Clock        Waveform(ns)       Period(ns)      Frequency(MHz)
-----        ------------       ----------      --------------
sys_clk_pin  {0.000 5.000}      10.000          100.000         


------------------------------------------------------------------------------------------------
| Intra Clock Table
| -----------------
------------------------------------------------------------------------------------------------

Clock             WNS(ns)      TNS(ns)  TNS Failing Endpoints  TNS Total Endpoints      WHS(ns)      THS(ns)  THS Failing Endpoints  THS Total Endpoints     WPWS(ns)     TPWS(ns)  TPWS Failing Endpoints  TPWS Total Endpoints  
-----             -------      -------  ---------------------  -------------------      -------      -------  ---------------------  -------------------     --------     --------  ----------------------  --------------------  
sys_clk_pin         5.236        0.000                      0                   27        0.263        0.000                      0                   27        4.500        0.000                       0                    28  


------------------------------------------------------------------------------------------------
| Inter Clock Table
| -----------------
------------------------------------------------------------------------------------------------

From Clock    To Clock          WNS(ns)      TNS(ns)  TNS Failing Endpoints  TNS Total Endpoints      WHS(ns)      THS(ns)  THS Failing Endpoints  THS Total Endpoints  
----------    --------          -------      -------  ---------------------  -------------------      -------      -------  ---------------------  -------------------  


------------------------------------------------------------------------------------------------
| Other Path Groups Table
| -----------------------
------------------------------------------------------------------------------------------------

Path Group    From Clock    To Clock          WNS(ns)      TNS(ns)  TNS Failing Endpoints  TNS Total Endpoints      WHS(ns)      THS(ns)  THS Failing Endpoints  THS Total Endpoints  
----------    ----------    --------          -------      -------  ---------------------  -------------------      -------      -------  ---------------------  -------------------  


------------------------------------------------------------------------------------------------
| User Ignored Path Table
| -----------------------
------------------------------------------------------------------------------------------------

Path Group    From Clock    To Clock    
----------    ----------    --------    


------------------------------------------------------------------------------------------------
| Unconstrained Path Table
| ------------------------
------------------------------------------------------------------------------------------------

Path Group    From Clock    To Clock    
----------    ----------    --------    
(none)                                    
(none)                      sys_clk_pin   


------------------------------------------------------------------------------------------------
| Timing Details
| --------------
------------------------------------------------------------------------------------------------


---------------------------------------------------------------------------------------------------
From Clock:  sys_clk_pin
  To Clock:  sys_clk_pin

Setup :            0  Failing Endpoints,  Worst Slack        5.236ns,  Total Violation        0.000ns
Hold  :            0  Failing Endpoints,  Worst Slack        0.263ns,  Total Violation        0.000ns
PW    :            0  Failing Endpoints,  Worst Slack        4.500ns,  Total Violation        0.000ns
---------------------------------------------------------------------------------------------------


Max Delay Paths
--------------------------------------------------------------------------------------
Slack (MET) :             5.236ns  (required time - arrival time)
  Source:                 clk_div_inst/counter_reg[3]/C
                            (rising edge-triggered cell FDCE clocked by sys_clk_pin  {rise@0.000ns fall@5.000ns period=10.000ns})
  Destination:            clk_div_inst/counter_reg[25]/D
                            (rising edge-triggered cell FDCE clocked by sys_clk_pin  {rise@0.000ns fall@5.000ns period=10.000ns})
  Path Group:             sys_clk_pin
  Path Type:              Setup (Max at Slow Process Corner)
  Requirement:            10.000ns  (sys_clk_pin rise@10.000ns - sys_clk_pin rise@0.000ns)
  Data Path Delay:        4.772ns  (logic 2.258ns (47.320%)  route 2.514ns (52.680%))
  Logic Levels:           10  (CARRY4=7 LUT3=1 LUT6=2)
  Clock Path Skew:        -0.019ns (DCD - SCD + CPR)
    Destination Clock Delay (DCD):    5.025ns = ( 15.025 - 10.000 ) 
    Source Clock Delay      (SCD):    5.319ns
    Clock Pessimism Removal (CPR):    0.275ns
  Clock Uncertainty:      0.035ns  ((TSJ^2 + TIJ^2)^1/2 + DJ) / 2 + PE
    Total System Jitter     (TSJ):    0.071ns
    Total Input Jitter      (TIJ):    0.000ns
    Discrete Jitter          (DJ):    0.000ns
    Phase Error              (PE):    0.000ns

    Location             Delay type                Incr(ns)  Path(ns)    Netlist Resource(s)
  -------------------------------------------------------------------    -------------------
                         (clock sys_clk_pin rise edge)
                                                      0.000     0.000 r  
    E3                                                0.000     0.000 r  clk_100mhz (IN)
                         net (fo=0)                   0.000     0.000    clk_100mhz
    E3                   IBUF (Prop_ibuf_I_O)         1.482     1.482 r  clk_100mhz_IBUF_inst/O
                         net (fo=1, routed)           2.025     3.506    clk_100mhz_IBUF
    BUFGCTRL_X0Y16       BUFG (Prop_bufg_I_O)         0.096     3.602 r  clk_100mhz_IBUF_BUFG_inst/O
                         net (fo=27, routed)          1.716     5.319    clk_div_inst/clk_100mhz
    SLICE_X0Y82          FDCE                                         r  clk_div_inst/counter_reg[3]/C
  -------------------------------------------------------------------    -------------------
    SLICE_X0Y82          FDCE (Prop_fdce_C_Q)         0.456     5.775 f  clk_div_inst/counter_reg[3]/Q
                         net (fo=2, routed)           0.810     6.585    clk_div_inst/counter_reg[3]
    SLICE_X1Y83          LUT3 (Prop_lut3_I0_O)        0.124     6.709 f  clk_div_inst/internal_clk_i_6/O
                         net (fo=1, routed)           1.018     7.727    clk_div_inst/internal_clk_i_6_n_0
    SLICE_X1Y84          LUT6 (Prop_lut6_I4_O)        0.124     7.851 f  clk_div_inst/internal_clk_i_2/O
                         net (fo=26, routed)          0.491     8.342    clk_div_inst/internal_clk_i_2_n_0
    SLICE_X1Y82          LUT6 (Prop_lut6_I2_O)        0.124     8.466 r  clk_div_inst/counter[0]_i_2/O
                         net (fo=1, routed)           0.195     8.661    clk_div_inst/counter[0]_i_2_n_0
    SLICE_X0Y82          CARRY4 (Prop_carry4_DI[0]_CO[3])
                                                      0.526     9.187 r  clk_div_inst/counter_reg[0]_i_1/CO[3]
                         net (fo=1, routed)           0.000     9.187    clk_div_inst/counter_reg[0]_i_1_n_0
    SLICE_X0Y83          CARRY4 (Prop_carry4_CI_CO[3])
                                                      0.114     9.301 r  clk_div_inst/counter_reg[4]_i_1/CO[3]
                         net (fo=1, routed)           0.000     9.301    clk_div_inst/counter_reg[4]_i_1_n_0
    SLICE_X0Y84          CARRY4 (Prop_carry4_CI_CO[3])
                                                      0.114     9.415 r  clk_div_inst/counter_reg[8]_i_1/CO[3]
                         net (fo=1, routed)           0.000     9.415    clk_div_inst/counter_reg[8]_i_1_n_0
    SLICE_X0Y85          CARRY4 (Prop_carry4_CI_CO[3])
                                                      0.114     9.529 r  clk_div_inst/counter_reg[12]_i_1/CO[3]
                         net (fo=1, routed)           0.000     9.529    clk_div_inst/counter_reg[12]_i_1_n_0
    SLICE_X0Y86          CARRY4 (Prop_carry4_CI_CO[3])
                                                      0.114     9.643 r  clk_div_inst/counter_reg[16]_i_1/CO[3]
                         net (fo=1, routed)           0.000     9.643    clk_div_inst/counter_reg[16]_i_1_n_0
    SLICE_X0Y87          CARRY4 (Prop_carry4_CI_CO[3])
                                                      0.114     9.757 r  clk_div_inst/counter_reg[20]_i_1/CO[3]
                         net (fo=1, routed)           0.000     9.757    clk_div_inst/counter_reg[20]_i_1_n_0
    SLICE_X0Y88          CARRY4 (Prop_carry4_CI_O[1])
                                                      0.334    10.091 r  clk_div_inst/counter_reg[24]_i_1/O[1]
                         net (fo=1, routed)           0.000    10.091    clk_div_inst/counter_reg[24]_i_1_n_6
    SLICE_X0Y88          FDCE                                         r  clk_div_inst/counter_reg[25]/D
  -------------------------------------------------------------------    -------------------

                         (clock sys_clk_pin rise edge)
                                                     10.000    10.000 r  
    E3                                                0.000    10.000 r  clk_100mhz (IN)
                         net (fo=0)                   0.000    10.000    clk_100mhz
    E3                   IBUF (Prop_ibuf_I_O)         1.411    11.411 r  clk_100mhz_IBUF_inst/O
                         net (fo=1, routed)           1.920    13.331    clk_100mhz_IBUF
    BUFGCTRL_X0Y16       BUFG (Prop_bufg_I_O)         0.091    13.422 r  clk_100mhz_IBUF_BUFG_inst/O
                         net (fo=27, routed)          1.602    15.025    clk_div_inst/clk_100mhz
    SLICE_X0Y88          FDCE                                         r  clk_div_inst/counter_reg[25]/C
                         clock pessimism              0.275    15.300    
                         clock uncertainty           -0.035    15.264    
    SLICE_X0Y88          FDCE (Setup_fdce_C_D)        0.062    15.326    clk_div_inst/counter_reg[25]
  -------------------------------------------------------------------
                         required time                         15.326    
                         arrival time                         -10.091    
  -------------------------------------------------------------------
                         slack                                  5.236    

Slack (MET) :             5.347ns  (required time - arrival time)
  Source:                 clk_div_inst/counter_reg[3]/C
                            (rising edge-triggered cell FDCE clocked by sys_clk_pin  {rise@0.000ns fall@5.000ns period=10.000ns})
  Destination:            clk_div_inst/counter_reg[24]/D
                            (rising edge-triggered cell FDCE clocked by sys_clk_pin  {rise@0.000ns fall@5.000ns period=10.000ns})
  Path Group:             sys_clk_pin
  Path Type:              Setup (Max at Slow Process Corner)
  Requirement:            10.000ns  (sys_clk_pin rise@10.000ns - sys_clk_pin rise@0.000ns)
  Data Path Delay:        4.661ns  (logic 2.147ns (46.065%)  route 2.514ns (53.935%))
  Logic Levels:           10  (CARRY4=7 LUT3=1 LUT6=2)
  Clock Path Skew:        -0.019ns (DCD - SCD + CPR)
    Destination Clock Delay (DCD):    5.025ns = ( 15.025 - 10.000 ) 
    Source Clock Delay      (SCD):    5.319ns
    Clock Pessimism Removal (CPR):    0.275ns
  Clock Uncertainty:      0.035ns  ((TSJ^2 + TIJ^2)^1/2 + DJ) / 2 + PE
    Total System Jitter     (TSJ):    0.071ns
    Total Input Jitter      (TIJ):    0.000ns
    Discrete Jitter          (DJ):    0.000ns
    Phase Error              (PE):    0.000ns

    Location             Delay type                Incr(ns)  Path(ns)    Netlist Resource(s)
  -------------------------------------------------------------------    -------------------
                         (clock sys_clk_pin rise edge)
                                                      0.000     0.000 r  
    E3                                                0.000     0.000 r  clk_100mhz (IN)
                         net (fo=0)                   0.000     0.000    clk_100mhz
    E3                   IBUF (Prop_ibuf_I_O)         1.482     1.482 r  clk_100mhz_IBUF_inst/O
                         net (fo=1, routed)           2.025     3.506    clk_100mhz_IBUF
    BUFGCTRL_X0Y16       BUFG (Prop_bufg_I_O)         0.096     3.602 r  clk_100mhz_IBUF_BUFG_inst/O
                         net (fo=27, routed)          1.716     5.319    clk_div_inst/clk_100mhz
    SLICE_X0Y82          FDCE                                         r  clk_div_inst/counter_reg[3]/C
  -------------------------------------------------------------------    -------------------
    SLICE_X0Y82          FDCE (Prop_fdce_C_Q)         0.456     5.775 f  clk_div_inst/counter_reg[3]/Q
                         net (fo=2, routed)           0.810     6.585    clk_div_inst/counter_reg[3]
    SLICE_X1Y83          LUT3 (Prop_lut3_I0_O)        0.124     6.709 f  clk_div_inst/internal_clk_i_6/O
                         net (fo=1, routed)           1.018     7.727    clk_div_inst/internal_clk_i_6_n_0
    SLICE_X1Y84          LUT6 (Prop_lut6_I4_O)        0.124     7.851 f  clk_div_inst/internal_clk_i_2/O
                         net (fo=26, routed)          0.491     8.342    clk_div_inst/internal_clk_i_2_n_0
    SLICE_X1Y82          LUT6 (Prop_lut6_I2_O)        0.124     8.466 r  clk_div_inst/counter[0]_i_2/O
                         net (fo=1, routed)           0.195     8.661    clk_div_inst/counter[0]_i_2_n_0
    SLICE_X0Y82          CARRY4 (Prop_carry4_DI[0]_CO[3])
                                                      0.526     9.187 r  clk_div_inst/counter_reg[0]_i_1/CO[3]
                         net (fo=1, routed)           0.000     9.187    clk_div_inst/counter_reg[0]_i_1_n_0
    SLICE_X0Y83          CARRY4 (Prop_carry4_CI_CO[3])
                                                      0.114     9.301 r  clk_div_inst/counter_reg[4]_i_1/CO[3]
                         net (fo=1, routed)           0.000     9.301    clk_div_inst/counter_reg[4]_i_1_n_0
    SLICE_X0Y84          CARRY4 (Prop_carry4_CI_CO[3])
                                                      0.114     9.415 r  clk_div_inst/counter_reg[8]_i_1/CO[3]
                         net (fo=1, routed)           0.000     9.415    clk_div_inst/counter_reg[8]_i_1_n_0
    SLICE_X0Y85          CARRY4 (Prop_carry4_CI_CO[3])
                                                      0.114     9.529 r  clk_div_inst/counter_reg[12]_i_1/CO[3]
                         net (fo=1, routed)           0.000     9.529    clk_div_inst/counter_reg[12]_i_1_n_0
    SLICE_X0Y86          CARRY4 (Prop_carry4_CI_CO[3])
                                                      0.114     9.643 r  clk_div_inst/counter_reg[16]_i_1/CO[3]
                         net (fo=1, routed)           0.000     9.643    clk_div_inst/counter_reg[16]_i_1_n_0
    SLICE_X0Y87          CARRY4 (Prop_carry4_CI_CO[3])
                                                      0.114     9.757 r  clk_div_inst/counter_reg[20]_i_1/CO[3]
                         net (fo=1, routed)           0.000     9.757    clk_div_inst/counter_reg[20]_i_1_n_0
    SLICE_X0Y88          CARRY4 (Prop_carry4_CI_O[0])
                                                      0.223     9.980 r  clk_div_inst/counter_reg[24]_i_1/O[0]
                         net (fo=1, routed)           0.000     9.980    clk_div_inst/counter_reg[24]_i_1_n_7
    SLICE_X0Y88          FDCE                                         r  clk_div_inst/counter_reg[24]/D
  -------------------------------------------------------------------    -------------------

                         (clock sys_clk_pin rise edge)
                                                     10.000    10.000 r  
    E3                                                0.000    10.000 r  clk_100mhz (IN)
                         net (fo=0)                   0.000    10.000    clk_100mhz
    E3                   IBUF (Prop_ibuf_I_O)         1.411    11.411 r  clk_100mhz_IBUF_inst/O
                         net (fo=1, routed)           1.920    13.331    clk_100mhz_IBUF
    BUFGCTRL_X0Y16       BUFG (Prop_bufg_I_O)         0.091    13.422 r  clk_100mhz_IBUF_BUFG_inst/O
                         net (fo=27, routed)          1.602    15.025    clk_div_inst/clk_100mhz
    SLICE_X0Y88          FDCE                                         r  clk_div_inst/counter_reg[24]/C
                         clock pessimism              0.275    15.300    
                         clock uncertainty           -0.035    15.264    
    SLICE_X0Y88          FDCE (Setup_fdce_C_D)        0.062    15.326    clk_div_inst/counter_reg[24]
  -------------------------------------------------------------------
                         required time                         15.326    
                         arrival time                          -9.980    
  -------------------------------------------------------------------
                         slack                                  5.347    

Slack (MET) :             5.349ns  (required time - arrival time)
  Source:                 clk_div_inst/counter_reg[3]/C
                            (rising edge-triggered cell FDCE clocked by sys_clk_pin  {rise@0.000ns fall@5.000ns period=10.000ns})
  Destination:            clk_div_inst/counter_reg[21]/D
                            (rising edge-triggered cell FDCE clocked by sys_clk_pin  {rise@0.000ns fall@5.000ns period=10.000ns})
  Path Group:             sys_clk_pin
  Path Type:              Setup (Max at Slow Process Corner)
  Requirement:            10.000ns  (sys_clk_pin rise@10.000ns - sys_clk_pin rise@0.000ns)
  Data Path Delay:        4.658ns  (logic 2.144ns (46.030%)  route 2.514ns (53.970%))
  Logic Levels:           9  (CARRY4=6 LUT3=1 LUT6=2)
  Clock Path Skew:        -0.020ns (DCD - SCD + CPR)
    Destination Clock Delay (DCD):    5.024ns = ( 15.024 - 10.000 ) 
    Source Clock Delay      (SCD):    5.319ns
    Clock Pessimism Removal (CPR):    0.275ns
  Clock Uncertainty:      0.035ns  ((TSJ^2 + TIJ^2)^1/2 + DJ) / 2 + PE
    Total System Jitter     (TSJ):    0.071ns
    Total Input Jitter      (TIJ):    0.000ns
    Discrete Jitter          (DJ):    0.000ns
    Phase Error              (PE):    0.000ns

    Location             Delay type                Incr(ns)  Path(ns)    Netlist Resource(s)
  -------------------------------------------------------------------    -------------------
                         (clock sys_clk_pin rise edge)
                                                      0.000     0.000 r  
    E3                                                0.000     0.000 r  clk_100mhz (IN)
                         net (fo=0)                   0.000     0.000    clk_100mhz
    E3                   IBUF (Prop_ibuf_I_O)         1.482     1.482 r  clk_100mhz_IBUF_inst/O
                         net (fo=1, routed)           2.025     3.506    clk_100mhz_IBUF
    BUFGCTRL_X0Y16       BUFG (Prop_bufg_I_O)         0.096     3.602 r  clk_100mhz_IBUF_BUFG_inst/O
                         net (fo=27, routed)          1.716     5.319    clk_div_inst/clk_100mhz
    SLICE_X0Y82          FDCE                                         r  clk_div_inst/counter_reg[3]/C
  -------------------------------------------------------------------    -------------------
    SLICE_X0Y82          FDCE (Prop_fdce_C_Q)         0.456     5.775 f  clk_div_inst/counter_reg[3]/Q
                         net (fo=2, routed)           0.810     6.585    clk_div_inst/counter_reg[3]
    SLICE_X1Y83          LUT3 (Prop_lut3_I0_O)        0.124     6.709 f  clk_div_inst/internal_clk_i_6/O
                         net (fo=1, routed)           1.018     7.727    clk_div_inst/internal_clk_i_6_n_0
    SLICE_X1Y84          LUT6 (Prop_lut6_I4_O)        0.124     7.851 f  clk_div_inst/internal_clk_i_2/O
                         net (fo=26, routed)          0.491     8.342    clk_div_inst/internal_clk_i_2_n_0
    SLICE_X1Y82          LUT6 (Prop_lut6_I2_O)        0.124     8.466 r  clk_div_inst/counter[0]_i_2/O
                         net (fo=1, routed)           0.195     8.661    clk_div_inst/counter[0]_i_2_n_0
    SLICE_X0Y82          CARRY4 (Prop_carry4_DI[0]_CO[3])
                                                      0.526     9.187 r  clk_div_inst/counter_reg[0]_i_1/CO[3]
                         net (fo=1, routed)           0.000     9.187    clk_div_inst/counter_reg[0]_i_1_n_0
    SLICE_X0Y83          CARRY4 (Prop_carry4_CI_CO[3])
                                                      0.114     9.301 r  clk_div_inst/counter_reg[4]_i_1/CO[3]
                         net (fo=1, routed)           0.000     9.301    clk_div_inst/counter_reg[4]_i_1_n_0
    SLICE_X0Y84          CARRY4 (Prop_carry4_CI_CO[3])
                                                      0.114     9.415 r  clk_div_inst/counter_reg[8]_i_1/CO[3]
                         net (fo=1, routed)           0.000     9.415    clk_div_inst/counter_reg[8]_i_1_n_0
    SLICE_X0Y85          CARRY4 (Prop_carry4_CI_CO[3])
                                                      0.114     9.529 r  clk_div_inst/counter_reg[12]_i_1/CO[3]
                         net (fo=1, routed)           0.000     9.529    clk_div_inst/counter_reg[12]_i_1_n_0
    SLICE_X0Y86          CARRY4 (Prop_carry4_CI_CO[3])
                                                      0.114     9.643 r  clk_div_inst/counter_reg[16]_i_1/CO[3]
                         net (fo=1, routed)           0.000     9.643    clk_div_inst/counter_reg[16]_i_1_n_0
    SLICE_X0Y87          CARRY4 (Prop_carry4_CI_O[1])
                                                      0.334     9.977 r  clk_div_inst/counter_reg[20]_i_1/O[1]
                         net (fo=1, routed)           0.000     9.977    clk_div_inst/counter_reg[20]_i_1_n_6
    SLICE_X0Y87          FDCE                                         r  clk_div_inst/counter_reg[21]/D
  -------------------------------------------------------------------    -------------------

                         (clock sys_clk_pin rise edge)
                                                     10.000    10.000 r  
    E3                                                0.000    10.000 r  clk_100mhz (IN)
                         net (fo=0)                   0.000    10.000    clk_100mhz
    E3                   IBUF (Prop_ibuf_I_O)         1.411    11.411 r  clk_100mhz_IBUF_inst/O
                         net (fo=1, routed)           1.920    13.331    clk_100mhz_IBUF
    BUFGCTRL_X0Y16       BUFG (Prop_bufg_I_O)         0.091    13.422 r  clk_100mhz_IBUF_BUFG_inst/O
                         net (fo=27, routed)          1.601    15.024    clk_div_inst/clk_100mhz
    SLICE_X0Y87          FDCE                                         r  clk_div_inst/counter_reg[21]/C
                         clock pessimism              0.275    15.299    
                         clock uncertainty           -0.035    15.263    
    SLICE_X0Y87          FDCE (Setup_fdce_C_D)        0.062    15.325    clk_div_inst/counter_reg[21]
  -------------------------------------------------------------------
                         required time                         15.325    
                         arrival time                          -9.977    
  -------------------------------------------------------------------
                         slack                                  5.349    

Slack (MET) :             5.370ns  (required time - arrival time)
  Source:                 clk_div_inst/counter_reg[3]/C
                            (rising edge-triggered cell FDCE clocked by sys_clk_pin  {rise@0.000ns fall@5.000ns period=10.000ns})
  Destination:            clk_div_inst/counter_reg[23]/D
                            (rising edge-triggered cell FDCE clocked by sys_clk_pin  {rise@0.000ns fall@5.000ns period=10.000ns})
  Path Group:             sys_clk_pin
  Path Type:              Setup (Max at Slow Process Corner)
  Requirement:            10.000ns  (sys_clk_pin rise@10.000ns - sys_clk_pin rise@0.000ns)
  Data Path Delay:        4.637ns  (logic 2.123ns (45.786%)  route 2.514ns (54.214%))
  Logic Levels:           9  (CARRY4=6 LUT3=1 LUT6=2)
  Clock Path Skew:        -0.020ns (DCD - SCD + CPR)
    Destination Clock Delay (DCD):    5.024ns = ( 15.024 - 10.000 ) 
    Source Clock Delay      (SCD):    5.319ns
    Clock Pessimism Removal (CPR):    0.275ns
  Clock Uncertainty:      0.035ns  ((TSJ^2 + TIJ^2)^1/2 + DJ) / 2 + PE
    Total System Jitter     (TSJ):    0.071ns
    Total Input Jitter      (TIJ):    0.000ns
    Discrete Jitter          (DJ):    0.000ns
    Phase Error              (PE):    0.000ns

    Location             Delay type                Incr(ns)  Path(ns)    Netlist Resource(s)
  -------------------------------------------------------------------    -------------------
                         (clock sys_clk_pin rise edge)
                                                      0.000     0.000 r  
    E3                                                0.000     0.000 r  clk_100mhz (IN)
                         net (fo=0)                   0.000     0.000    clk_100mhz
    E3                   IBUF (Prop_ibuf_I_O)         1.482     1.482 r  clk_100mhz_IBUF_inst/O
                         net (fo=1, routed)           2.025     3.506    clk_100mhz_IBUF
    BUFGCTRL_X0Y16       BUFG (Prop_bufg_I_O)         0.096     3.602 r  clk_100mhz_IBUF_BUFG_inst/O
                         net (fo=27, routed)          1.716     5.319    clk_div_inst/clk_100mhz
    SLICE_X0Y82          FDCE                                         r  clk_div_inst/counter_reg[3]/C
  -------------------------------------------------------------------    -------------------
    SLICE_X0Y82          FDCE (Prop_fdce_C_Q)         0.456     5.775 f  clk_div_inst/counter_reg[3]/Q
                         net (fo=2, routed)           0.810     6.585    clk_div_inst/counter_reg[3]
    SLICE_X1Y83          LUT3 (Prop_lut3_I0_O)        0.124     6.709 f  clk_div_inst/internal_clk_i_6/O
                         net (fo=1, routed)           1.018     7.727    clk_div_inst/internal_clk_i_6_n_0
    SLICE_X1Y84          LUT6 (Prop_lut6_I4_O)        0.124     7.851 f  clk_div_inst/internal_clk_i_2/O
                         net (fo=26, routed)          0.491     8.342    clk_div_inst/internal_clk_i_2_n_0
    SLICE_X1Y82          LUT6 (Prop_lut6_I2_O)        0.124     8.466 r  clk_div_inst/counter[0]_i_2/O
                         net (fo=1, routed)           0.195     8.661    clk_div_inst/counter[0]_i_2_n_0
    SLICE_X0Y82          CARRY4 (Prop_carry4_DI[0]_CO[3])
                                                      0.526     9.187 r  clk_div_inst/counter_reg[0]_i_1/CO[3]
                         net (fo=1, routed)           0.000     9.187    clk_div_inst/counter_reg[0]_i_1_n_0
    SLICE_X0Y83          CARRY4 (Prop_carry4_CI_CO[3])
                                                      0.114     9.301 r  clk_div_inst/counter_reg[4]_i_1/CO[3]
                         net (fo=1, routed)           0.000     9.301    clk_div_inst/counter_reg[4]_i_1_n_0
    SLICE_X0Y84          CARRY4 (Prop_carry4_CI_CO[3])
                                                      0.114     9.415 r  clk_div_inst/counter_reg[8]_i_1/CO[3]
                         net (fo=1, routed)           0.000     9.415    clk_div_inst/counter_reg[8]_i_1_n_0
    SLICE_X0Y85          CARRY4 (Prop_carry4_CI_CO[3])
                                                      0.114     9.529 r  clk_div_inst/counter_reg[12]_i_1/CO[3]
                         net (fo=1, routed)           0.000     9.529    clk_div_inst/counter_reg[12]_i_1_n_0
    SLICE_X0Y86          CARRY4 (Prop_carry4_CI_CO[3])
                                                      0.114     9.643 r  clk_div_inst/counter_reg[16]_i_1/CO[3]
                         net (fo=1, routed)           0.000     9.643    clk_div_inst/counter_reg[16]_i_1_n_0
    SLICE_X0Y87          CARRY4 (Prop_carry4_CI_O[3])
                                                      0.313     9.956 r  clk_div_inst/counter_reg[20]_i_1/O[3]
                         net (fo=1, routed)           0.000     9.956    clk_div_inst/counter_reg[20]_i_1_n_4
    SLICE_X0Y87          FDCE                                         r  clk_div_inst/counter_reg[23]/D
  -------------------------------------------------------------------    -------------------

                         (clock sys_clk_pin rise edge)
                                                     10.000    10.000 r  
    E3                                                0.000    10.000 r  clk_100mhz (IN)
                         net (fo=0)                   0.000    10.000    clk_100mhz
    E3                   IBUF (Prop_ibuf_I_O)         1.411    11.411 r  clk_100mhz_IBUF_inst/O
                         net (fo=1, routed)           1.920    13.331    clk_100mhz_IBUF
    BUFGCTRL_X0Y16       BUFG (Prop_bufg_I_O)         0.091    13.422 r  clk_100mhz_IBUF_BUFG_inst/O
                         net (fo=27, routed)          1.601    15.024    clk_div_inst/clk_100mhz
    SLICE_X0Y87          FDCE                                         r  clk_div_inst/counter_reg[23]/C
                         clock pessimism              0.275    15.299    
                         clock uncertainty           -0.035    15.263    
    SLICE_X0Y87          FDCE (Setup_fdce_C_D)        0.062    15.325    clk_div_inst/counter_reg[23]
  -------------------------------------------------------------------
                         required time                         15.325    
                         arrival time                          -9.956    
  -------------------------------------------------------------------
                         slack                                  5.370    

Slack (MET) :             5.444ns  (required time - arrival time)
  Source:                 clk_div_inst/counter_reg[3]/C
                            (rising edge-triggered cell FDCE clocked by sys_clk_pin  {rise@0.000ns fall@5.000ns period=10.000ns})
  Destination:            clk_div_inst/counter_reg[22]/D
                            (rising edge-triggered cell FDCE clocked by sys_clk_pin  {rise@0.000ns fall@5.000ns period=10.000ns})
  Path Group:             sys_clk_pin
  Path Type:              Setup (Max at Slow Process Corner)
  Requirement:            10.000ns  (sys_clk_pin rise@10.000ns - sys_clk_pin rise@0.000ns)
  Data Path Delay:        4.563ns  (logic 2.049ns (44.907%)  route 2.514ns (55.093%))
  Logic Levels:           9  (CARRY4=6 LUT3=1 LUT6=2)
  Clock Path Skew:        -0.020ns (DCD - SCD + CPR)
    Destination Clock Delay (DCD):    5.024ns = ( 15.024 - 10.000 ) 
    Source Clock Delay      (SCD):    5.319ns
    Clock Pessimism Removal (CPR):    0.275ns
  Clock Uncertainty:      0.035ns  ((TSJ^2 + TIJ^2)^1/2 + DJ) / 2 + PE
    Total System Jitter     (TSJ):    0.071ns
    Total Input Jitter      (TIJ):    0.000ns
    Discrete Jitter          (DJ):    0.000ns
    Phase Error              (PE):    0.000ns

    Location             Delay type                Incr(ns)  Path(ns)    Netlist Resource(s)
  -------------------------------------------------------------------    -------------------
                         (clock sys_clk_pin rise edge)
                                                      0.000     0.000 r  
    E3                                                0.000     0.000 r  clk_100mhz (IN)
                         net (fo=0)                   0.000     0.000    clk_100mhz
    E3                   IBUF (Prop_ibuf_I_O)         1.482     1.482 r  clk_100mhz_IBUF_inst/O
                         net (fo=1, routed)           2.025     3.506    clk_100mhz_IBUF
    BUFGCTRL_X0Y16       BUFG (Prop_bufg_I_O)         0.096     3.602 r  clk_100mhz_IBUF_BUFG_inst/O
                         net (fo=27, routed)          1.716     5.319    clk_div_inst/clk_100mhz
    SLICE_X0Y82          FDCE                                         r  clk_div_inst/counter_reg[3]/C
  -------------------------------------------------------------------    -------------------
    SLICE_X0Y82          FDCE (Prop_fdce_C_Q)         0.456     5.775 f  clk_div_inst/counter_reg[3]/Q
                         net (fo=2, routed)           0.810     6.585    clk_div_inst/counter_reg[3]
    SLICE_X1Y83          LUT3 (Prop_lut3_I0_O)        0.124     6.709 f  clk_div_inst/internal_clk_i_6/O
                         net (fo=1, routed)           1.018     7.727    clk_div_inst/internal_clk_i_6_n_0
    SLICE_X1Y84          LUT6 (Prop_lut6_I4_O)        0.124     7.851 f  clk_div_inst/internal_clk_i_2/O
                         net (fo=26, routed)          0.491     8.342    clk_div_inst/internal_clk_i_2_n_0
    SLICE_X1Y82          LUT6 (Prop_lut6_I2_O)        0.124     8.466 r  clk_div_inst/counter[0]_i_2/O
                         net (fo=1, routed)           0.195     8.661    clk_div_inst/counter[0]_i_2_n_0
    SLICE_X0Y82          CARRY4 (Prop_carry4_DI[0]_CO[3])
                                                      0.526     9.187 r  clk_div_inst/counter_reg[0]_i_1/CO[3]
                         net (fo=1, routed)           0.000     9.187    clk_div_inst/counter_reg[0]_i_1_n_0
    SLICE_X0Y83          CARRY4 (Prop_carry4_CI_CO[3])
                                                      0.114     9.301 r  clk_div_inst/counter_reg[4]_i_1/CO[3]
                         net (fo=1, routed)           0.000     9.301    clk_div_inst/counter_reg[4]_i_1_n_0
    SLICE_X0Y84          CARRY4 (Prop_carry4_CI_CO[3])
                                                      0.114     9.415 r  clk_div_inst/counter_reg[8]_i_1/CO[3]
                         net (fo=1, routed)           0.000     9.415    clk_div_inst/counter_reg[8]_i_1_n_0
    SLICE_X0Y85          CARRY4 (Prop_carry4_CI_CO[3])
                                                      0.114     9.529 r  clk_div_inst/counter_reg[12]_i_1/CO[3]
                         net (fo=1, routed)           0.000     9.529    clk_div_inst/counter_reg[12]_i_1_n_0
    SLICE_X0Y86          CARRY4 (Prop_carry4_CI_CO[3])
                                                      0.114     9.643 r  clk_div_inst/counter_reg[16]_i_1/CO[3]
                         net (fo=1, routed)           0.000     9.643    clk_div_inst/counter_reg[16]_i_1_n_0
    SLICE_X0Y87          CARRY4 (Prop_carry4_CI_O[2])
                                                      0.239     9.882 r  clk_div_inst/counter_reg[20]_i_1/O[2]
                         net (fo=1, routed)           0.000     9.882    clk_div_inst/counter_reg[20]_i_1_n_5
    SLICE_X0Y87          FDCE                                         r  clk_div_inst/counter_reg[22]/D
  -------------------------------------------------------------------    -------------------

                         (clock sys_clk_pin rise edge)
                                                     10.000    10.000 r  
    E3                                                0.000    10.000 r  clk_100mhz (IN)
                         net (fo=0)                   0.000    10.000    clk_100mhz
    E3                   IBUF (Prop_ibuf_I_O)         1.411    11.411 r  clk_100mhz_IBUF_inst/O
                         net (fo=1, routed)           1.920    13.331    clk_100mhz_IBUF
    BUFGCTRL_X0Y16       BUFG (Prop_bufg_I_O)         0.091    13.422 r  clk_100mhz_IBUF_BUFG_inst/O
                         net (fo=27, routed)          1.601    15.024    clk_div_inst/clk_100mhz
    SLICE_X0Y87          FDCE                                         r  clk_div_inst/counter_reg[22]/C
                         clock pessimism              0.275    15.299    
                         clock uncertainty           -0.035    15.263    
    SLICE_X0Y87          FDCE (Setup_fdce_C_D)        0.062    15.325    clk_div_inst/counter_reg[22]
  -------------------------------------------------------------------
                         required time                         15.325    
                         arrival time                          -9.882    
  -------------------------------------------------------------------
                         slack                                  5.444    

Slack (MET) :             5.460ns  (required time - arrival time)
  Source:                 clk_div_inst/counter_reg[3]/C
                            (rising edge-triggered cell FDCE clocked by sys_clk_pin  {rise@0.000ns fall@5.000ns period=10.000ns})
  Destination:            clk_div_inst/counter_reg[20]/D
                            (rising edge-triggered cell FDCE clocked by sys_clk_pin  {rise@0.000ns fall@5.000ns period=10.000ns})
  Path Group:             sys_clk_pin
  Path Type:              Setup (Max at Slow Process Corner)
  Requirement:            10.000ns  (sys_clk_pin rise@10.000ns - sys_clk_pin rise@0.000ns)
  Data Path Delay:        4.547ns  (logic 2.033ns (44.713%)  route 2.514ns (55.287%))
  Logic Levels:           9  (CARRY4=6 LUT3=1 LUT6=2)
  Clock Path Skew:        -0.020ns (DCD - SCD + CPR)
    Destination Clock Delay (DCD):    5.024ns = ( 15.024 - 10.000 ) 
    Source Clock Delay      (SCD):    5.319ns
    Clock Pessimism Removal (CPR):    0.275ns
  Clock Uncertainty:      0.035ns  ((TSJ^2 + TIJ^2)^1/2 + DJ) / 2 + PE
    Total System Jitter     (TSJ):    0.071ns
    Total Input Jitter      (TIJ):    0.000ns
    Discrete Jitter          (DJ):    0.000ns
    Phase Error              (PE):    0.000ns

    Location             Delay type                Incr(ns)  Path(ns)    Netlist Resource(s)
  -------------------------------------------------------------------    -------------------
                         (clock sys_clk_pin rise edge)
                                                      0.000     0.000 r  
    E3                                                0.000     0.000 r  clk_100mhz (IN)
                         net (fo=0)                   0.000     0.000    clk_100mhz
    E3                   IBUF (Prop_ibuf_I_O)         1.482     1.482 r  clk_100mhz_IBUF_inst/O
                         net (fo=1, routed)           2.025     3.506    clk_100mhz_IBUF
    BUFGCTRL_X0Y16       BUFG (Prop_bufg_I_O)         0.096     3.602 r  clk_100mhz_IBUF_BUFG_inst/O
                         net (fo=27, routed)          1.716     5.319    clk_div_inst/clk_100mhz
    SLICE_X0Y82          FDCE                                         r  clk_div_inst/counter_reg[3]/C
  -------------------------------------------------------------------    -------------------
    SLICE_X0Y82          FDCE (Prop_fdce_C_Q)         0.456     5.775 f  clk_div_inst/counter_reg[3]/Q
                         net (fo=2, routed)           0.810     6.585    clk_div_inst/counter_reg[3]
    SLICE_X1Y83          LUT3 (Prop_lut3_I0_O)        0.124     6.709 f  clk_div_inst/internal_clk_i_6/O
                         net (fo=1, routed)           1.018     7.727    clk_div_inst/internal_clk_i_6_n_0
    SLICE_X1Y84          LUT6 (Prop_lut6_I4_O)        0.124     7.851 f  clk_div_inst/internal_clk_i_2/O
                         net (fo=26, routed)          0.491     8.342    clk_div_inst/internal_clk_i_2_n_0
    SLICE_X1Y82          LUT6 (Prop_lut6_I2_O)        0.124     8.466 r  clk_div_inst/counter[0]_i_2/O
                         net (fo=1, routed)           0.195     8.661    clk_div_inst/counter[0]_i_2_n_0
    SLICE_X0Y82          CARRY4 (Prop_carry4_DI[0]_CO[3])
                                                      0.526     9.187 r  clk_div_inst/counter_reg[0]_i_1/CO[3]
                         net (fo=1, routed)           0.000     9.187    clk_div_inst/counter_reg[0]_i_1_n_0
    SLICE_X0Y83          CARRY4 (Prop_carry4_CI_CO[3])
                                                      0.114     9.301 r  clk_div_inst/counter_reg[4]_i_1/CO[3]
                         net (fo=1, routed)           0.000     9.301    clk_div_inst/counter_reg[4]_i_1_n_0
    SLICE_X0Y84          CARRY4 (Prop_carry4_CI_CO[3])
                                                      0.114     9.415 r  clk_div_inst/counter_reg[8]_i_1/CO[3]
                         net (fo=1, routed)           0.000     9.415    clk_div_inst/counter_reg[8]_i_1_n_0
    SLICE_X0Y85          CARRY4 (Prop_carry4_CI_CO[3])
                                                      0.114     9.529 r  clk_div_inst/counter_reg[12]_i_1/CO[3]
                         net (fo=1, routed)           0.000     9.529    clk_div_inst/counter_reg[12]_i_1_n_0
    SLICE_X0Y86          CARRY4 (Prop_carry4_CI_CO[3])
                                                      0.114     9.643 r  clk_div_inst/counter_reg[16]_i_1/CO[3]
                         net (fo=1, routed)           0.000     9.643    clk_div_inst/counter_reg[16]_i_1_n_0
    SLICE_X0Y87          CARRY4 (Prop_carry4_CI_O[0])
                                                      0.223     9.866 r  clk_div_inst/counter_reg[20]_i_1/O[0]
                         net (fo=1, routed)           0.000     9.866    clk_div_inst/counter_reg[20]_i_1_n_7
    SLICE_X0Y87          FDCE                                         r  clk_div_inst/counter_reg[20]/D
  -------------------------------------------------------------------    -------------------

                         (clock sys_clk_pin rise edge)
                                                     10.000    10.000 r  
    E3                                                0.000    10.000 r  clk_100mhz (IN)
                         net (fo=0)                   0.000    10.000    clk_100mhz
    E3                   IBUF (Prop_ibuf_I_O)         1.411    11.411 r  clk_100mhz_IBUF_inst/O
                         net (fo=1, routed)           1.920    13.331    clk_100mhz_IBUF
    BUFGCTRL_X0Y16       BUFG (Prop_bufg_I_O)         0.091    13.422 r  clk_100mhz_IBUF_BUFG_inst/O
                         net (fo=27, routed)          1.601    15.024    clk_div_inst/clk_100mhz
    SLICE_X0Y87          FDCE                                         r  clk_div_inst/counter_reg[20]/C
                         clock pessimism              0.275    15.299    
                         clock uncertainty           -0.035    15.263    
    SLICE_X0Y87          FDCE (Setup_fdce_C_D)        0.062    15.325    clk_div_inst/counter_reg[20]
  -------------------------------------------------------------------
                         required time                         15.325    
                         arrival time                          -9.866    
  -------------------------------------------------------------------
                         slack                                  5.460    

Slack (MET) :             5.462ns  (required time - arrival time)
  Source:                 clk_div_inst/counter_reg[3]/C
                            (rising edge-triggered cell FDCE clocked by sys_clk_pin  {rise@0.000ns fall@5.000ns period=10.000ns})
  Destination:            clk_div_inst/counter_reg[17]/D
                            (rising edge-triggered cell FDCE clocked by sys_clk_pin  {rise@0.000ns fall@5.000ns period=10.000ns})
  Path Group:             sys_clk_pin
  Path Type:              Setup (Max at Slow Process Corner)
  Requirement:            10.000ns  (sys_clk_pin rise@10.000ns - sys_clk_pin rise@0.000ns)
  Data Path Delay:        4.544ns  (logic 2.030ns (44.676%)  route 2.514ns (55.324%))
  Logic Levels:           8  (CARRY4=5 LUT3=1 LUT6=2)
  Clock Path Skew:        -0.021ns (DCD - SCD + CPR)
    Destination Clock Delay (DCD):    5.023ns = ( 15.023 - 10.000 ) 
    Source Clock Delay      (SCD):    5.319ns
    Clock Pessimism Removal (CPR):    0.275ns
  Clock Uncertainty:      0.035ns  ((TSJ^2 + TIJ^2)^1/2 + DJ) / 2 + PE
    Total System Jitter     (TSJ):    0.071ns
    Total Input Jitter      (TIJ):    0.000ns
    Discrete Jitter          (DJ):    0.000ns
    Phase Error              (PE):    0.000ns

    Location             Delay type                Incr(ns)  Path(ns)    Netlist Resource(s)
  -------------------------------------------------------------------    -------------------
                         (clock sys_clk_pin rise edge)
                                                      0.000     0.000 r  
    E3                                                0.000     0.000 r  clk_100mhz (IN)
                         net (fo=0)                   0.000     0.000    clk_100mhz
    E3                   IBUF (Prop_ibuf_I_O)         1.482     1.482 r  clk_100mhz_IBUF_inst/O
                         net (fo=1, routed)           2.025     3.506    clk_100mhz_IBUF
    BUFGCTRL_X0Y16       BUFG (Prop_bufg_I_O)         0.096     3.602 r  clk_100mhz_IBUF_BUFG_inst/O
                         net (fo=27, routed)          1.716     5.319    clk_div_inst/clk_100mhz
    SLICE_X0Y82          FDCE                                         r  clk_div_inst/counter_reg[3]/C
  -------------------------------------------------------------------    -------------------
    SLICE_X0Y82          FDCE (Prop_fdce_C_Q)         0.456     5.775 f  clk_div_inst/counter_reg[3]/Q
                         net (fo=2, routed)           0.810     6.585    clk_div_inst/counter_reg[3]
    SLICE_X1Y83          LUT3 (Prop_lut3_I0_O)        0.124     6.709 f  clk_div_inst/internal_clk_i_6/O
                         net (fo=1, routed)           1.018     7.727    clk_div_inst/internal_clk_i_6_n_0
    SLICE_X1Y84          LUT6 (Prop_lut6_I4_O)        0.124     7.851 f  clk_div_inst/internal_clk_i_2/O
                         net (fo=26, routed)          0.491     8.342    clk_div_inst/internal_clk_i_2_n_0
    SLICE_X1Y82          LUT6 (Prop_lut6_I2_O)        0.124     8.466 r  clk_div_inst/counter[0]_i_2/O
                         net (fo=1, routed)           0.195     8.661    clk_div_inst/counter[0]_i_2_n_0
    SLICE_X0Y82          CARRY4 (Prop_carry4_DI[0]_CO[3])
                                                      0.526     9.187 r  clk_div_inst/counter_reg[0]_i_1/CO[3]
                         net (fo=1, routed)           0.000     9.187    clk_div_inst/counter_reg[0]_i_1_n_0
    SLICE_X0Y83          CARRY4 (Prop_carry4_CI_CO[3])
                                                      0.114     9.301 r  clk_div_inst/counter_reg[4]_i_1/CO[3]
                         net (fo=1, routed)           0.000     9.301    clk_div_inst/counter_reg[4]_i_1_n_0
    SLICE_X0Y84          CARRY4 (Prop_carry4_CI_CO[3])
                                                      0.114     9.415 r  clk_div_inst/counter_reg[8]_i_1/CO[3]
                         net (fo=1, routed)           0.000     9.415    clk_div_inst/counter_reg[8]_i_1_n_0
    SLICE_X0Y85          CARRY4 (Prop_carry4_CI_CO[3])
                                                      0.114     9.529 r  clk_div_inst/counter_reg[12]_i_1/CO[3]
                         net (fo=1, routed)           0.000     9.529    clk_div_inst/counter_reg[12]_i_1_n_0
    SLICE_X0Y86          CARRY4 (Prop_carry4_CI_O[1])
                                                      0.334     9.863 r  clk_div_inst/counter_reg[16]_i_1/O[1]
                         net (fo=1, routed)           0.000     9.863    clk_div_inst/counter_reg[16]_i_1_n_6
    SLICE_X0Y86          FDCE                                         r  clk_div_inst/counter_reg[17]/D
  -------------------------------------------------------------------    -------------------

                         (clock sys_clk_pin rise edge)
                                                     10.000    10.000 r  
    E3                                                0.000    10.000 r  clk_100mhz (IN)
                         net (fo=0)                   0.000    10.000    clk_100mhz
    E3                   IBUF (Prop_ibuf_I_O)         1.411    11.411 r  clk_100mhz_IBUF_inst/O
                         net (fo=1, routed)           1.920    13.331    clk_100mhz_IBUF
    BUFGCTRL_X0Y16       BUFG (Prop_bufg_I_O)         0.091    13.422 r  clk_100mhz_IBUF_BUFG_inst/O
                         net (fo=27, routed)          1.600    15.023    clk_div_inst/clk_100mhz
    SLICE_X0Y86          FDCE                                         r  clk_div_inst/counter_reg[17]/C
                         clock pessimism              0.275    15.298    
                         clock uncertainty           -0.035    15.262    
    SLICE_X0Y86          FDCE (Setup_fdce_C_D)        0.062    15.324    clk_div_inst/counter_reg[17]
  -------------------------------------------------------------------
                         required time                         15.324    
                         arrival time                          -9.863    
  -------------------------------------------------------------------
                         slack                                  5.462    

Slack (MET) :             5.483ns  (required time - arrival time)
  Source:                 clk_div_inst/counter_reg[3]/C
                            (rising edge-triggered cell FDCE clocked by sys_clk_pin  {rise@0.000ns fall@5.000ns period=10.000ns})
  Destination:            clk_div_inst/counter_reg[19]/D
                            (rising edge-triggered cell FDCE clocked by sys_clk_pin  {rise@0.000ns fall@5.000ns period=10.000ns})
  Path Group:             sys_clk_pin
  Path Type:              Setup (Max at Slow Process Corner)
  Requirement:            10.000ns  (sys_clk_pin rise@10.000ns - sys_clk_pin rise@0.000ns)
  Data Path Delay:        4.523ns  (logic 2.009ns (44.419%)  route 2.514ns (55.581%))
  Logic Levels:           8  (CARRY4=5 LUT3=1 LUT6=2)
  Clock Path Skew:        -0.021ns (DCD - SCD + CPR)
    Destination Clock Delay (DCD):    5.023ns = ( 15.023 - 10.000 ) 
    Source Clock Delay      (SCD):    5.319ns
    Clock Pessimism Removal (CPR):    0.275ns
  Clock Uncertainty:      0.035ns  ((TSJ^2 + TIJ^2)^1/2 + DJ) / 2 + PE
    Total System Jitter     (TSJ):    0.071ns
    Total Input Jitter      (TIJ):    0.000ns
    Discrete Jitter          (DJ):    0.000ns
    Phase Error              (PE):    0.000ns

    Location             Delay type                Incr(ns)  Path(ns)    Netlist Resource(s)
  -------------------------------------------------------------------    -------------------
                         (clock sys_clk_pin rise edge)
                                                      0.000     0.000 r  
    E3                                                0.000     0.000 r  clk_100mhz (IN)
                         net (fo=0)                   0.000     0.000    clk_100mhz
    E3                   IBUF (Prop_ibuf_I_O)         1.482     1.482 r  clk_100mhz_IBUF_inst/O
                         net (fo=1, routed)           2.025     3.506    clk_100mhz_IBUF
    BUFGCTRL_X0Y16       BUFG (Prop_bufg_I_O)         0.096     3.602 r  clk_100mhz_IBUF_BUFG_inst/O
                         net (fo=27, routed)          1.716     5.319    clk_div_inst/clk_100mhz
    SLICE_X0Y82          FDCE                                         r  clk_div_inst/counter_reg[3]/C
  -------------------------------------------------------------------    -------------------
    SLICE_X0Y82          FDCE (Prop_fdce_C_Q)         0.456     5.775 f  clk_div_inst/counter_reg[3]/Q
                         net (fo=2, routed)           0.810     6.585    clk_div_inst/counter_reg[3]
    SLICE_X1Y83          LUT3 (Prop_lut3_I0_O)        0.124     6.709 f  clk_div_inst/internal_clk_i_6/O
                         net (fo=1, routed)           1.018     7.727    clk_div_inst/internal_clk_i_6_n_0
    SLICE_X1Y84          LUT6 (Prop_lut6_I4_O)        0.124     7.851 f  clk_div_inst/internal_clk_i_2/O
                         net (fo=26, routed)          0.491     8.342    clk_div_inst/internal_clk_i_2_n_0
    SLICE_X1Y82          LUT6 (Prop_lut6_I2_O)        0.124     8.466 r  clk_div_inst/counter[0]_i_2/O
                         net (fo=1, routed)           0.195     8.661    clk_div_inst/counter[0]_i_2_n_0
    SLICE_X0Y82          CARRY4 (Prop_carry4_DI[0]_CO[3])
                                                      0.526     9.187 r  clk_div_inst/counter_reg[0]_i_1/CO[3]
                         net (fo=1, routed)           0.000     9.187    clk_div_inst/counter_reg[0]_i_1_n_0
    SLICE_X0Y83          CARRY4 (Prop_carry4_CI_CO[3])
                                                      0.114     9.301 r  clk_div_inst/counter_reg[4]_i_1/CO[3]
                         net (fo=1, routed)           0.000     9.301    clk_div_inst/counter_reg[4]_i_1_n_0
    SLICE_X0Y84          CARRY4 (Prop_carry4_CI_CO[3])
                                                      0.114     9.415 r  clk_div_inst/counter_reg[8]_i_1/CO[3]
                         net (fo=1, routed)           0.000     9.415    clk_div_inst/counter_reg[8]_i_1_n_0
    SLICE_X0Y85          CARRY4 (Prop_carry4_CI_CO[3])
                                                      0.114     9.529 r  clk_div_inst/counter_reg[12]_i_1/CO[3]
                         net (fo=1, routed)           0.000     9.529    clk_div_inst/counter_reg[12]_i_1_n_0
    SLICE_X0Y86          CARRY4 (Prop_carry4_CI_O[3])
                                                      0.313     9.842 r  clk_div_inst/counter_reg[16]_i_1/O[3]
                         net (fo=1, routed)           0.000     9.842    clk_div_inst/counter_reg[16]_i_1_n_4
    SLICE_X0Y86          FDCE                                         r  clk_div_inst/counter_reg[19]/D
  -------------------------------------------------------------------    -------------------

                         (clock sys_clk_pin rise edge)
                                                     10.000    10.000 r  
    E3                                                0.000    10.000 r  clk_100mhz (IN)
                         net (fo=0)                   0.000    10.000    clk_100mhz
    E3                   IBUF (Prop_ibuf_I_O)         1.411    11.411 r  clk_100mhz_IBUF_inst/O
                         net (fo=1, routed)           1.920    13.331    clk_100mhz_IBUF
    BUFGCTRL_X0Y16       BUFG (Prop_bufg_I_O)         0.091    13.422 r  clk_100mhz_IBUF_BUFG_inst/O
                         net (fo=27, routed)          1.600    15.023    clk_div_inst/clk_100mhz
    SLICE_X0Y86          FDCE                                         r  clk_div_inst/counter_reg[19]/C
                         clock pessimism              0.275    15.298    
                         clock uncertainty           -0.035    15.262    
    SLICE_X0Y86          FDCE (Setup_fdce_C_D)        0.062    15.324    clk_div_inst/counter_reg[19]
  -------------------------------------------------------------------
                         required time                         15.324    
                         arrival time                          -9.842    
  -------------------------------------------------------------------
                         slack                                  5.483    

Slack (MET) :             5.557ns  (required time - arrival time)
  Source:                 clk_div_inst/counter_reg[3]/C
                            (rising edge-triggered cell FDCE clocked by sys_clk_pin  {rise@0.000ns fall@5.000ns period=10.000ns})
  Destination:            clk_div_inst/counter_reg[18]/D
                            (rising edge-triggered cell FDCE clocked by sys_clk_pin  {rise@0.000ns fall@5.000ns period=10.000ns})
  Path Group:             sys_clk_pin
  Path Type:              Setup (Max at Slow Process Corner)
  Requirement:            10.000ns  (sys_clk_pin rise@10.000ns - sys_clk_pin rise@0.000ns)
  Data Path Delay:        4.449ns  (logic 1.935ns (43.495%)  route 2.514ns (56.505%))
  Logic Levels:           8  (CARRY4=5 LUT3=1 LUT6=2)
  Clock Path Skew:        -0.021ns (DCD - SCD + CPR)
    Destination Clock Delay (DCD):    5.023ns = ( 15.023 - 10.000 ) 
    Source Clock Delay      (SCD):    5.319ns
    Clock Pessimism Removal (CPR):    0.275ns
  Clock Uncertainty:      0.035ns  ((TSJ^2 + TIJ^2)^1/2 + DJ) / 2 + PE
    Total System Jitter     (TSJ):    0.071ns
    Total Input Jitter      (TIJ):    0.000ns
    Discrete Jitter          (DJ):    0.000ns
    Phase Error              (PE):    0.000ns

    Location             Delay type                Incr(ns)  Path(ns)    Netlist Resource(s)
  -------------------------------------------------------------------    -------------------
                         (clock sys_clk_pin rise edge)
                                                      0.000     0.000 r  
    E3                                                0.000     0.000 r  clk_100mhz (IN)
                         net (fo=0)                   0.000     0.000    clk_100mhz
    E3                   IBUF (Prop_ibuf_I_O)         1.482     1.482 r  clk_100mhz_IBUF_inst/O
                         net (fo=1, routed)           2.025     3.506    clk_100mhz_IBUF
    BUFGCTRL_X0Y16       BUFG (Prop_bufg_I_O)         0.096     3.602 r  clk_100mhz_IBUF_BUFG_inst/O
                         net (fo=27, routed)          1.716     5.319    clk_div_inst/clk_100mhz
    SLICE_X0Y82          FDCE                                         r  clk_div_inst/counter_reg[3]/C
  -------------------------------------------------------------------    -------------------
    SLICE_X0Y82          FDCE (Prop_fdce_C_Q)         0.456     5.775 f  clk_div_inst/counter_reg[3]/Q
                         net (fo=2, routed)           0.810     6.585    clk_div_inst/counter_reg[3]
    SLICE_X1Y83          LUT3 (Prop_lut3_I0_O)        0.124     6.709 f  clk_div_inst/internal_clk_i_6/O
                         net (fo=1, routed)           1.018     7.727    clk_div_inst/internal_clk_i_6_n_0
    SLICE_X1Y84          LUT6 (Prop_lut6_I4_O)        0.124     7.851 f  clk_div_inst/internal_clk_i_2/O
                         net (fo=26, routed)          0.491     8.342    clk_div_inst/internal_clk_i_2_n_0
    SLICE_X1Y82          LUT6 (Prop_lut6_I2_O)        0.124     8.466 r  clk_div_inst/counter[0]_i_2/O
                         net (fo=1, routed)           0.195     8.661    clk_div_inst/counter[0]_i_2_n_0
    SLICE_X0Y82          CARRY4 (Prop_carry4_DI[0]_CO[3])
                                                      0.526     9.187 r  clk_div_inst/counter_reg[0]_i_1/CO[3]
                         net (fo=1, routed)           0.000     9.187    clk_div_inst/counter_reg[0]_i_1_n_0
    SLICE_X0Y83          CARRY4 (Prop_carry4_CI_CO[3])
                                                      0.114     9.301 r  clk_div_inst/counter_reg[4]_i_1/CO[3]
                         net (fo=1, routed)           0.000     9.301    clk_div_inst/counter_reg[4]_i_1_n_0
    SLICE_X0Y84          CARRY4 (Prop_carry4_CI_CO[3])
                                                      0.114     9.415 r  clk_div_inst/counter_reg[8]_i_1/CO[3]
                         net (fo=1, routed)           0.000     9.415    clk_div_inst/counter_reg[8]_i_1_n_0
    SLICE_X0Y85          CARRY4 (Prop_carry4_CI_CO[3])
                                                      0.114     9.529 r  clk_div_inst/counter_reg[12]_i_1/CO[3]
                         net (fo=1, routed)           0.000     9.529    clk_div_inst/counter_reg[12]_i_1_n_0
    SLICE_X0Y86          CARRY4 (Prop_carry4_CI_O[2])
                                                      0.239     9.768 r  clk_div_inst/counter_reg[16]_i_1/O[2]
                         net (fo=1, routed)           0.000     9.768    clk_div_inst/counter_reg[16]_i_1_n_5
    SLICE_X0Y86          FDCE                                         r  clk_div_inst/counter_reg[18]/D
  -------------------------------------------------------------------    -------------------

                         (clock sys_clk_pin rise edge)
                                                     10.000    10.000 r  
    E3                                                0.000    10.000 r  clk_100mhz (IN)
                         net (fo=0)                   0.000    10.000    clk_100mhz
    E3                   IBUF (Prop_ibuf_I_O)         1.411    11.411 r  clk_100mhz_IBUF_inst/O
                         net (fo=1, routed)           1.920    13.331    clk_100mhz_IBUF
    BUFGCTRL_X0Y16       BUFG (Prop_bufg_I_O)         0.091    13.422 r  clk_100mhz_IBUF_BUFG_inst/O
                         net (fo=27, routed)          1.600    15.023    clk_div_inst/clk_100mhz
    SLICE_X0Y86          FDCE                                         r  clk_div_inst/counter_reg[18]/C
                         clock pessimism              0.275    15.298    
                         clock uncertainty           -0.035    15.262    
    SLICE_X0Y86          FDCE (Setup_fdce_C_D)        0.062    15.324    clk_div_inst/counter_reg[18]
  -------------------------------------------------------------------
                         required time                         15.324    
                         arrival time                          -9.768    
  -------------------------------------------------------------------
                         slack                                  5.557    

Slack (MET) :             5.573ns  (required time - arrival time)
  Source:                 clk_div_inst/counter_reg[3]/C
                            (rising edge-triggered cell FDCE clocked by sys_clk_pin  {rise@0.000ns fall@5.000ns period=10.000ns})
  Destination:            clk_div_inst/counter_reg[16]/D
                            (rising edge-triggered cell FDCE clocked by sys_clk_pin  {rise@0.000ns fall@5.000ns period=10.000ns})
  Path Group:             sys_clk_pin
  Path Type:              Setup (Max at Slow Process Corner)
  Requirement:            10.000ns  (sys_clk_pin rise@10.000ns - sys_clk_pin rise@0.000ns)
  Data Path Delay:        4.433ns  (logic 1.919ns (43.291%)  route 2.514ns (56.709%))
  Logic Levels:           8  (CARRY4=5 LUT3=1 LUT6=2)
  Clock Path Skew:        -0.021ns (DCD - SCD + CPR)
    Destination Clock Delay (DCD):    5.023ns = ( 15.023 - 10.000 ) 
    Source Clock Delay      (SCD):    5.319ns
    Clock Pessimism Removal (CPR):    0.275ns
  Clock Uncertainty:      0.035ns  ((TSJ^2 + TIJ^2)^1/2 + DJ) / 2 + PE
    Total System Jitter     (TSJ):    0.071ns
    Total Input Jitter      (TIJ):    0.000ns
    Discrete Jitter          (DJ):    0.000ns
    Phase Error              (PE):    0.000ns

    Location             Delay type                Incr(ns)  Path(ns)    Netlist Resource(s)
  -------------------------------------------------------------------    -------------------
                         (clock sys_clk_pin rise edge)
                                                      0.000     0.000 r  
    E3                                                0.000     0.000 r  clk_100mhz (IN)
                         net (fo=0)                   0.000     0.000    clk_100mhz
    E3                   IBUF (Prop_ibuf_I_O)         1.482     1.482 r  clk_100mhz_IBUF_inst/O
                         net (fo=1, routed)           2.025     3.506    clk_100mhz_IBUF
    BUFGCTRL_X0Y16       BUFG (Prop_bufg_I_O)         0.096     3.602 r  clk_100mhz_IBUF_BUFG_inst/O
                         net (fo=27, routed)          1.716     5.319    clk_div_inst/clk_100mhz
    SLICE_X0Y82          FDCE                                         r  clk_div_inst/counter_reg[3]/C
  -------------------------------------------------------------------    -------------------
    SLICE_X0Y82          FDCE (Prop_fdce_C_Q)         0.456     5.775 f  clk_div_inst/counter_reg[3]/Q
                         net (fo=2, routed)           0.810     6.585    clk_div_inst/counter_reg[3]
    SLICE_X1Y83          LUT3 (Prop_lut3_I0_O)        0.124     6.709 f  clk_div_inst/internal_clk_i_6/O
                         net (fo=1, routed)           1.018     7.727    clk_div_inst/internal_clk_i_6_n_0
    SLICE_X1Y84          LUT6 (Prop_lut6_I4_O)        0.124     7.851 f  clk_div_inst/internal_clk_i_2/O
                         net (fo=26, routed)          0.491     8.342    clk_div_inst/internal_clk_i_2_n_0
    SLICE_X1Y82          LUT6 (Prop_lut6_I2_O)        0.124     8.466 r  clk_div_inst/counter[0]_i_2/O
                         net (fo=1, routed)           0.195     8.661    clk_div_inst/counter[0]_i_2_n_0
    SLICE_X0Y82          CARRY4 (Prop_carry4_DI[0]_CO[3])
                                                      0.526     9.187 r  clk_div_inst/counter_reg[0]_i_1/CO[3]
                         net (fo=1, routed)           0.000     9.187    clk_div_inst/counter_reg[0]_i_1_n_0
    SLICE_X0Y83          CARRY4 (Prop_carry4_CI_CO[3])
                                                      0.114     9.301 r  clk_div_inst/counter_reg[4]_i_1/CO[3]
                         net (fo=1, routed)           0.000     9.301    clk_div_inst/counter_reg[4]_i_1_n_0
    SLICE_X0Y84          CARRY4 (Prop_carry4_CI_CO[3])
                                                      0.114     9.415 r  clk_div_inst/counter_reg[8]_i_1/CO[3]
                         net (fo=1, routed)           0.000     9.415    clk_div_inst/counter_reg[8]_i_1_n_0
    SLICE_X0Y85          CARRY4 (Prop_carry4_CI_CO[3])
                                                      0.114     9.529 r  clk_div_inst/counter_reg[12]_i_1/CO[3]
                         net (fo=1, routed)           0.000     9.529    clk_div_inst/counter_reg[12]_i_1_n_0
    SLICE_X0Y86          CARRY4 (Prop_carry4_CI_O[0])
                                                      0.223     9.752 r  clk_div_inst/counter_reg[16]_i_1/O[0]
                         net (fo=1, routed)           0.000     9.752    clk_div_inst/counter_reg[16]_i_1_n_7
    SLICE_X0Y86          FDCE                                         r  clk_div_inst/counter_reg[16]/D
  -------------------------------------------------------------------    -------------------

                         (clock sys_clk_pin rise edge)
                                                     10.000    10.000 r  
    E3                                                0.000    10.000 r  clk_100mhz (IN)
                         net (fo=0)                   0.000    10.000    clk_100mhz
    E3                   IBUF (Prop_ibuf_I_O)         1.411    11.411 r  clk_100mhz_IBUF_inst/O
                         net (fo=1, routed)           1.920    13.331    clk_100mhz_IBUF
    BUFGCTRL_X0Y16       BUFG (Prop_bufg_I_O)         0.091    13.422 r  clk_100mhz_IBUF_BUFG_inst/O
                         net (fo=27, routed)          1.600    15.023    clk_div_inst/clk_100mhz
    SLICE_X0Y86          FDCE                                         r  clk_div_inst/counter_reg[16]/C
                         clock pessimism              0.275    15.298    
                         clock uncertainty           -0.035    15.262    
    SLICE_X0Y86          FDCE (Setup_fdce_C_D)        0.062    15.324    clk_div_inst/counter_reg[16]
  -------------------------------------------------------------------
                         required time                         15.324    
                         arrival time                          -9.752    
  -------------------------------------------------------------------
                         slack                                  5.573    





Min Delay Paths
--------------------------------------------------------------------------------------
Slack (MET) :             0.263ns  (arrival time - required time)
  Source:                 clk_div_inst/internal_clk_reg/C
                            (rising edge-triggered cell FDCE clocked by sys_clk_pin  {rise@0.000ns fall@5.000ns period=10.000ns})
  Destination:            clk_div_inst/internal_clk_reg/D
                            (rising edge-triggered cell FDCE clocked by sys_clk_pin  {rise@0.000ns fall@5.000ns period=10.000ns})
  Path Group:             sys_clk_pin
  Path Type:              Hold (Min at Fast Process Corner)
  Requirement:            0.000ns  (sys_clk_pin rise@0.000ns - sys_clk_pin rise@0.000ns)
  Data Path Delay:        0.354ns  (logic 0.186ns (52.498%)  route 0.168ns (47.502%))
  Logic Levels:           1  (LUT6=1)
  Clock Path Skew:        0.000ns (DCD - SCD - CPR)
    Destination Clock Delay (DCD):    2.037ns
    Source Clock Delay      (SCD):    1.519ns
    Clock Pessimism Removal (CPR):    0.517ns

    Location             Delay type                Incr(ns)  Path(ns)    Netlist Resource(s)
  -------------------------------------------------------------------    -------------------
                         (clock sys_clk_pin rise edge)
                                                      0.000     0.000 r  
    E3                                                0.000     0.000 r  clk_100mhz (IN)
                         net (fo=0)                   0.000     0.000    clk_100mhz
    E3                   IBUF (Prop_ibuf_I_O)         0.250     0.250 r  clk_100mhz_IBUF_inst/O
                         net (fo=1, routed)           0.644     0.894    clk_100mhz_IBUF
    BUFGCTRL_X0Y16       BUFG (Prop_bufg_I_O)         0.026     0.920 r  clk_100mhz_IBUF_BUFG_inst/O
                         net (fo=27, routed)          0.600     1.519    clk_div_inst/clk_100mhz
    SLICE_X1Y85          FDCE                                         r  clk_div_inst/internal_clk_reg/C
  -------------------------------------------------------------------    -------------------
    SLICE_X1Y85          FDCE (Prop_fdce_C_Q)         0.141     1.660 r  clk_div_inst/internal_clk_reg/Q
                         net (fo=5, routed)           0.168     1.829    clk_div_inst/CLK
    SLICE_X1Y85          LUT6 (Prop_lut6_I5_O)        0.045     1.874 r  clk_div_inst/internal_clk_i_1/O
                         net (fo=1, routed)           0.000     1.874    clk_div_inst/internal_clk_i_1_n_0
    SLICE_X1Y85          FDCE                                         r  clk_div_inst/internal_clk_reg/D
  -------------------------------------------------------------------    -------------------

                         (clock sys_clk_pin rise edge)
                                                      0.000     0.000 r  
    E3                                                0.000     0.000 r  clk_100mhz (IN)
                         net (fo=0)                   0.000     0.000    clk_100mhz
    E3                   IBUF (Prop_ibuf_I_O)         0.438     0.438 r  clk_100mhz_IBUF_inst/O
                         net (fo=1, routed)           0.699     1.136    clk_100mhz_IBUF
    BUFGCTRL_X0Y16       BUFG (Prop_bufg_I_O)         0.029     1.165 r  clk_100mhz_IBUF_BUFG_inst/O
                         net (fo=27, routed)          0.872     2.037    clk_div_inst/clk_100mhz
    SLICE_X1Y85          FDCE                                         r  clk_div_inst/internal_clk_reg/C
                         clock pessimism             -0.517     1.519    
    SLICE_X1Y85          FDCE (Hold_fdce_C_D)         0.091     1.610    clk_div_inst/internal_clk_reg
  -------------------------------------------------------------------
                         required time                         -1.610    
                         arrival time                           1.874    
  -------------------------------------------------------------------
                         slack                                  0.263    

Slack (MET) :             0.287ns  (arrival time - required time)
  Source:                 clk_div_inst/counter_reg[25]/C
                            (rising edge-triggered cell FDCE clocked by sys_clk_pin  {rise@0.000ns fall@5.000ns period=10.000ns})
  Destination:            clk_div_inst/counter_reg[17]/D
                            (rising edge-triggered cell FDCE clocked by sys_clk_pin  {rise@0.000ns fall@5.000ns period=10.000ns})
  Path Group:             sys_clk_pin
  Path Type:              Hold (Min at Fast Process Corner)
  Requirement:            0.000ns  (sys_clk_pin rise@0.000ns - sys_clk_pin rise@0.000ns)
  Data Path Delay:        0.405ns  (logic 0.251ns (61.981%)  route 0.154ns (38.019%))
  Logic Levels:           2  (CARRY4=1 LUT6=1)
  Clock Path Skew:        0.013ns (DCD - SCD - CPR)
    Destination Clock Delay (DCD):    2.037ns
    Source Clock Delay      (SCD):    1.521ns
    Clock Pessimism Removal (CPR):    0.502ns

    Location             Delay type                Incr(ns)  Path(ns)    Netlist Resource(s)
  -------------------------------------------------------------------    -------------------
                         (clock sys_clk_pin rise edge)
                                                      0.000     0.000 r  
    E3                                                0.000     0.000 r  clk_100mhz (IN)
                         net (fo=0)                   0.000     0.000    clk_100mhz
    E3                   IBUF (Prop_ibuf_I_O)         0.250     0.250 r  clk_100mhz_IBUF_inst/O
                         net (fo=1, routed)           0.644     0.894    clk_100mhz_IBUF
    BUFGCTRL_X0Y16       BUFG (Prop_bufg_I_O)         0.026     0.920 r  clk_100mhz_IBUF_BUFG_inst/O
                         net (fo=27, routed)          0.602     1.521    clk_div_inst/clk_100mhz
    SLICE_X0Y88          FDCE                                         r  clk_div_inst/counter_reg[25]/C
  -------------------------------------------------------------------    -------------------
    SLICE_X0Y88          FDCE (Prop_fdce_C_Q)         0.141     1.662 f  clk_div_inst/counter_reg[25]/Q
                         net (fo=28, routed)          0.154     1.816    clk_div_inst/counter_reg[25]
    SLICE_X0Y86          LUT6 (Prop_lut6_I5_O)        0.045     1.861 r  clk_div_inst/counter[16]_i_4/O
                         net (fo=1, routed)           0.000     1.861    clk_div_inst/counter[16]_i_4_n_0
    SLICE_X0Y86          CARRY4 (Prop_carry4_S[1]_O[1])
                                                      0.065     1.926 r  clk_div_inst/counter_reg[16]_i_1/O[1]
                         net (fo=1, routed)           0.000     1.926    clk_div_inst/counter_reg[16]_i_1_n_6
    SLICE_X0Y86          FDCE                                         r  clk_div_inst/counter_reg[17]/D
  -------------------------------------------------------------------    -------------------

                         (clock sys_clk_pin rise edge)
                                                      0.000     0.000 r  
    E3                                                0.000     0.000 r  clk_100mhz (IN)
                         net (fo=0)                   0.000     0.000    clk_100mhz
    E3                   IBUF (Prop_ibuf_I_O)         0.438     0.438 r  clk_100mhz_IBUF_inst/O
                         net (fo=1, routed)           0.699     1.136    clk_100mhz_IBUF
    BUFGCTRL_X0Y16       BUFG (Prop_bufg_I_O)         0.029     1.165 r  clk_100mhz_IBUF_BUFG_inst/O
                         net (fo=27, routed)          0.872     2.037    clk_div_inst/clk_100mhz
    SLICE_X0Y86          FDCE                                         r  clk_div_inst/counter_reg[17]/C
                         clock pessimism             -0.502     1.534    
    SLICE_X0Y86          FDCE (Hold_fdce_C_D)         0.105     1.639    clk_div_inst/counter_reg[17]
  -------------------------------------------------------------------
                         required time                         -1.639    
                         arrival time                           1.926    
  -------------------------------------------------------------------
                         slack                                  0.287    

Slack (MET) :             0.310ns  (arrival time - required time)
  Source:                 clk_div_inst/counter_reg[25]/C
                            (rising edge-triggered cell FDCE clocked by sys_clk_pin  {rise@0.000ns fall@5.000ns period=10.000ns})
  Destination:            clk_div_inst/counter_reg[22]/D
                            (rising edge-triggered cell FDCE clocked by sys_clk_pin  {rise@0.000ns fall@5.000ns period=10.000ns})
  Path Group:             sys_clk_pin
  Path Type:              Hold (Min at Fast Process Corner)
  Requirement:            0.000ns  (sys_clk_pin rise@0.000ns - sys_clk_pin rise@0.000ns)
  Data Path Delay:        0.429ns  (logic 0.252ns (58.699%)  route 0.177ns (41.301%))
  Logic Levels:           2  (CARRY4=1 LUT6=1)
  Clock Path Skew:        0.014ns (DCD - SCD - CPR)
    Destination Clock Delay (DCD):    2.038ns
    Source Clock Delay      (SCD):    1.521ns
    Clock Pessimism Removal (CPR):    0.502ns

    Location             Delay type                Incr(ns)  Path(ns)    Netlist Resource(s)
  -------------------------------------------------------------------    -------------------
                         (clock sys_clk_pin rise edge)
                                                      0.000     0.000 r  
    E3                                                0.000     0.000 r  clk_100mhz (IN)
                         net (fo=0)                   0.000     0.000    clk_100mhz
    E3                   IBUF (Prop_ibuf_I_O)         0.250     0.250 r  clk_100mhz_IBUF_inst/O
                         net (fo=1, routed)           0.644     0.894    clk_100mhz_IBUF
    BUFGCTRL_X0Y16       BUFG (Prop_bufg_I_O)         0.026     0.920 r  clk_100mhz_IBUF_BUFG_inst/O
                         net (fo=27, routed)          0.602     1.521    clk_div_inst/clk_100mhz
    SLICE_X0Y88          FDCE                                         r  clk_div_inst/counter_reg[25]/C
  -------------------------------------------------------------------    -------------------
    SLICE_X0Y88          FDCE (Prop_fdce_C_Q)         0.141     1.662 f  clk_div_inst/counter_reg[25]/Q
                         net (fo=28, routed)          0.177     1.840    clk_div_inst/counter_reg[25]
    SLICE_X0Y87          LUT6 (Prop_lut6_I5_O)        0.045     1.885 r  clk_div_inst/counter[20]_i_3/O
                         net (fo=1, routed)           0.000     1.885    clk_div_inst/counter[20]_i_3_n_0
    SLICE_X0Y87          CARRY4 (Prop_carry4_S[2]_O[2])
                                                      0.066     1.951 r  clk_div_inst/counter_reg[20]_i_1/O[2]
                         net (fo=1, routed)           0.000     1.951    clk_div_inst/counter_reg[20]_i_1_n_5
    SLICE_X0Y87          FDCE                                         r  clk_div_inst/counter_reg[22]/D
  -------------------------------------------------------------------    -------------------

                         (clock sys_clk_pin rise edge)
                                                      0.000     0.000 r  
    E3                                                0.000     0.000 r  clk_100mhz (IN)
                         net (fo=0)                   0.000     0.000    clk_100mhz
    E3                   IBUF (Prop_ibuf_I_O)         0.438     0.438 r  clk_100mhz_IBUF_inst/O
                         net (fo=1, routed)           0.699     1.136    clk_100mhz_IBUF
    BUFGCTRL_X0Y16       BUFG (Prop_bufg_I_O)         0.029     1.165 r  clk_100mhz_IBUF_BUFG_inst/O
                         net (fo=27, routed)          0.873     2.038    clk_div_inst/clk_100mhz
    SLICE_X0Y87          FDCE                                         r  clk_div_inst/counter_reg[22]/C
                         clock pessimism             -0.502     1.535    
    SLICE_X0Y87          FDCE (Hold_fdce_C_D)         0.105     1.640    clk_div_inst/counter_reg[22]
  -------------------------------------------------------------------
                         required time                         -1.640    
                         arrival time                           1.951    
  -------------------------------------------------------------------
                         slack                                  0.310    

Slack (MET) :             0.316ns  (arrival time - required time)
  Source:                 clk_div_inst/counter_reg[11]/C
                            (rising edge-triggered cell FDCE clocked by sys_clk_pin  {rise@0.000ns fall@5.000ns period=10.000ns})
  Destination:            clk_div_inst/counter_reg[11]/D
                            (rising edge-triggered cell FDCE clocked by sys_clk_pin  {rise@0.000ns fall@5.000ns period=10.000ns})
  Path Group:             sys_clk_pin
  Path Type:              Hold (Min at Fast Process Corner)
  Requirement:            0.000ns  (sys_clk_pin rise@0.000ns - sys_clk_pin rise@0.000ns)
  Data Path Delay:        0.421ns  (logic 0.249ns (59.140%)  route 0.172ns (40.860%))
  Logic Levels:           2  (CARRY4=1 LUT6=1)
  Clock Path Skew:        0.000ns (DCD - SCD - CPR)
    Destination Clock Delay (DCD):    2.036ns
    Source Clock Delay      (SCD):    1.519ns
    Clock Pessimism Removal (CPR):    0.516ns

    Location             Delay type                Incr(ns)  Path(ns)    Netlist Resource(s)
  -------------------------------------------------------------------    -------------------
                         (clock sys_clk_pin rise edge)
                                                      0.000     0.000 r  
    E3                                                0.000     0.000 r  clk_100mhz (IN)
                         net (fo=0)                   0.000     0.000    clk_100mhz
    E3                   IBUF (Prop_ibuf_I_O)         0.250     0.250 r  clk_100mhz_IBUF_inst/O
                         net (fo=1, routed)           0.644     0.894    clk_100mhz_IBUF
    BUFGCTRL_X0Y16       BUFG (Prop_bufg_I_O)         0.026     0.920 r  clk_100mhz_IBUF_BUFG_inst/O
                         net (fo=27, routed)          0.600     1.519    clk_div_inst/clk_100mhz
    SLICE_X0Y84          FDCE                                         r  clk_div_inst/counter_reg[11]/C
  -------------------------------------------------------------------    -------------------
    SLICE_X0Y84          FDCE (Prop_fdce_C_Q)         0.141     1.660 r  clk_div_inst/counter_reg[11]/Q
                         net (fo=2, routed)           0.172     1.832    clk_div_inst/counter_reg[11]
    SLICE_X0Y84          LUT6 (Prop_lut6_I0_O)        0.045     1.877 r  clk_div_inst/counter[8]_i_2/O
                         net (fo=1, routed)           0.000     1.877    clk_div_inst/counter[8]_i_2_n_0
    SLICE_X0Y84          CARRY4 (Prop_carry4_S[3]_O[3])
                                                      0.063     1.940 r  clk_div_inst/counter_reg[8]_i_1/O[3]
                         net (fo=1, routed)           0.000     1.940    clk_div_inst/counter_reg[8]_i_1_n_4
    SLICE_X0Y84          FDCE                                         r  clk_div_inst/counter_reg[11]/D
  -------------------------------------------------------------------    -------------------

                         (clock sys_clk_pin rise edge)
                                                      0.000     0.000 r  
    E3                                                0.000     0.000 r  clk_100mhz (IN)
                         net (fo=0)                   0.000     0.000    clk_100mhz
    E3                   IBUF (Prop_ibuf_I_O)         0.438     0.438 r  clk_100mhz_IBUF_inst/O
                         net (fo=1, routed)           0.699     1.136    clk_100mhz_IBUF
    BUFGCTRL_X0Y16       BUFG (Prop_bufg_I_O)         0.029     1.165 r  clk_100mhz_IBUF_BUFG_inst/O
                         net (fo=27, routed)          0.871     2.036    clk_div_inst/clk_100mhz
    SLICE_X0Y84          FDCE                                         r  clk_div_inst/counter_reg[11]/C
                         clock pessimism             -0.516     1.519    
    SLICE_X0Y84          FDCE (Hold_fdce_C_D)         0.105     1.624    clk_div_inst/counter_reg[11]
  -------------------------------------------------------------------
                         required time                         -1.624    
                         arrival time                           1.940    
  -------------------------------------------------------------------
                         slack                                  0.316    

Slack (MET) :             0.316ns  (arrival time - required time)
  Source:                 clk_div_inst/counter_reg[23]/C
                            (rising edge-triggered cell FDCE clocked by sys_clk_pin  {rise@0.000ns fall@5.000ns period=10.000ns})
  Destination:            clk_div_inst/counter_reg[23]/D
                            (rising edge-triggered cell FDCE clocked by sys_clk_pin  {rise@0.000ns fall@5.000ns period=10.000ns})
  Path Group:             sys_clk_pin
  Path Type:              Hold (Min at Fast Process Corner)
  Requirement:            0.000ns  (sys_clk_pin rise@0.000ns - sys_clk_pin rise@0.000ns)
  Data Path Delay:        0.421ns  (logic 0.249ns (59.140%)  route 0.172ns (40.860%))
  Logic Levels:           2  (CARRY4=1 LUT6=1)
  Clock Path Skew:        0.000ns (DCD - SCD - CPR)
    Destination Clock Delay (DCD):    2.038ns
    Source Clock Delay      (SCD):    1.520ns
    Clock Pessimism Removal (CPR):    0.517ns

    Location             Delay type                Incr(ns)  Path(ns)    Netlist Resource(s)
  -------------------------------------------------------------------    -------------------
                         (clock sys_clk_pin rise edge)
                                                      0.000     0.000 r  
    E3                                                0.000     0.000 r  clk_100mhz (IN)
                         net (fo=0)                   0.000     0.000    clk_100mhz
    E3                   IBUF (Prop_ibuf_I_O)         0.250     0.250 r  clk_100mhz_IBUF_inst/O
                         net (fo=1, routed)           0.644     0.894    clk_100mhz_IBUF
    BUFGCTRL_X0Y16       BUFG (Prop_bufg_I_O)         0.026     0.920 r  clk_100mhz_IBUF_BUFG_inst/O
                         net (fo=27, routed)          0.601     1.520    clk_div_inst/clk_100mhz
    SLICE_X0Y87          FDCE                                         r  clk_div_inst/counter_reg[23]/C
  -------------------------------------------------------------------    -------------------
    SLICE_X0Y87          FDCE (Prop_fdce_C_Q)         0.141     1.661 r  clk_div_inst/counter_reg[23]/Q
                         net (fo=2, routed)           0.172     1.833    clk_div_inst/counter_reg[23]
    SLICE_X0Y87          LUT6 (Prop_lut6_I0_O)        0.045     1.878 r  clk_div_inst/counter[20]_i_2/O
                         net (fo=1, routed)           0.000     1.878    clk_div_inst/counter[20]_i_2_n_0
    SLICE_X0Y87          CARRY4 (Prop_carry4_S[3]_O[3])
                                                      0.063     1.941 r  clk_div_inst/counter_reg[20]_i_1/O[3]
                         net (fo=1, routed)           0.000     1.941    clk_div_inst/counter_reg[20]_i_1_n_4
    SLICE_X0Y87          FDCE                                         r  clk_div_inst/counter_reg[23]/D
  -------------------------------------------------------------------    -------------------

                         (clock sys_clk_pin rise edge)
                                                      0.000     0.000 r  
    E3                                                0.000     0.000 r  clk_100mhz (IN)
                         net (fo=0)                   0.000     0.000    clk_100mhz
    E3                   IBUF (Prop_ibuf_I_O)         0.438     0.438 r  clk_100mhz_IBUF_inst/O
                         net (fo=1, routed)           0.699     1.136    clk_100mhz_IBUF
    BUFGCTRL_X0Y16       BUFG (Prop_bufg_I_O)         0.029     1.165 r  clk_100mhz_IBUF_BUFG_inst/O
                         net (fo=27, routed)          0.873     2.038    clk_div_inst/clk_100mhz
    SLICE_X0Y87          FDCE                                         r  clk_div_inst/counter_reg[23]/C
                         clock pessimism             -0.517     1.520    
    SLICE_X0Y87          FDCE (Hold_fdce_C_D)         0.105     1.625    clk_div_inst/counter_reg[23]
  -------------------------------------------------------------------
                         required time                         -1.625    
                         arrival time                           1.941    
  -------------------------------------------------------------------
                         slack                                  0.316    

Slack (MET) :             0.316ns  (arrival time - required time)
  Source:                 clk_div_inst/counter_reg[15]/C
                            (rising edge-triggered cell FDCE clocked by sys_clk_pin  {rise@0.000ns fall@5.000ns period=10.000ns})
  Destination:            clk_div_inst/counter_reg[15]/D
                            (rising edge-triggered cell FDCE clocked by sys_clk_pin  {rise@0.000ns fall@5.000ns period=10.000ns})
  Path Group:             sys_clk_pin
  Path Type:              Hold (Min at Fast Process Corner)
  Requirement:            0.000ns  (sys_clk_pin rise@0.000ns - sys_clk_pin rise@0.000ns)
  Data Path Delay:        0.421ns  (logic 0.249ns (59.140%)  route 0.172ns (40.860%))
  Logic Levels:           2  (CARRY4=1 LUT6=1)
  Clock Path Skew:        0.000ns (DCD - SCD - CPR)
    Destination Clock Delay (DCD):    2.037ns
    Source Clock Delay      (SCD):    1.519ns
    Clock Pessimism Removal (CPR):    0.517ns

    Location             Delay type                Incr(ns)  Path(ns)    Netlist Resource(s)
  -------------------------------------------------------------------    -------------------
                         (clock sys_clk_pin rise edge)
                                                      0.000     0.000 r  
    E3                                                0.000     0.000 r  clk_100mhz (IN)
                         net (fo=0)                   0.000     0.000    clk_100mhz
    E3                   IBUF (Prop_ibuf_I_O)         0.250     0.250 r  clk_100mhz_IBUF_inst/O
                         net (fo=1, routed)           0.644     0.894    clk_100mhz_IBUF
    BUFGCTRL_X0Y16       BUFG (Prop_bufg_I_O)         0.026     0.920 r  clk_100mhz_IBUF_BUFG_inst/O
                         net (fo=27, routed)          0.600     1.519    clk_div_inst/clk_100mhz
    SLICE_X0Y85          FDCE                                         r  clk_div_inst/counter_reg[15]/C
  -------------------------------------------------------------------    -------------------
    SLICE_X0Y85          FDCE (Prop_fdce_C_Q)         0.141     1.660 r  clk_div_inst/counter_reg[15]/Q
                         net (fo=2, routed)           0.172     1.832    clk_div_inst/counter_reg[15]
    SLICE_X0Y85          LUT6 (Prop_lut6_I0_O)        0.045     1.877 r  clk_div_inst/counter[12]_i_2/O
                         net (fo=1, routed)           0.000     1.877    clk_div_inst/counter[12]_i_2_n_0
    SLICE_X0Y85          CARRY4 (Prop_carry4_S[3]_O[3])
                                                      0.063     1.940 r  clk_div_inst/counter_reg[12]_i_1/O[3]
                         net (fo=1, routed)           0.000     1.940    clk_div_inst/counter_reg[12]_i_1_n_4
    SLICE_X0Y85          FDCE                                         r  clk_div_inst/counter_reg[15]/D
  -------------------------------------------------------------------    -------------------

                         (clock sys_clk_pin rise edge)
                                                      0.000     0.000 r  
    E3                                                0.000     0.000 r  clk_100mhz (IN)
                         net (fo=0)                   0.000     0.000    clk_100mhz
    E3                   IBUF (Prop_ibuf_I_O)         0.438     0.438 r  clk_100mhz_IBUF_inst/O
                         net (fo=1, routed)           0.699     1.136    clk_100mhz_IBUF
    BUFGCTRL_X0Y16       BUFG (Prop_bufg_I_O)         0.029     1.165 r  clk_100mhz_IBUF_BUFG_inst/O
                         net (fo=27, routed)          0.872     2.037    clk_div_inst/clk_100mhz
    SLICE_X0Y85          FDCE                                         r  clk_div_inst/counter_reg[15]/C
                         clock pessimism             -0.517     1.519    
    SLICE_X0Y85          FDCE (Hold_fdce_C_D)         0.105     1.624    clk_div_inst/counter_reg[15]
  -------------------------------------------------------------------
                         required time                         -1.624    
                         arrival time                           1.940    
  -------------------------------------------------------------------
                         slack                                  0.316    

Slack (MET) :             0.317ns  (arrival time - required time)
  Source:                 clk_div_inst/counter_reg[3]/C
                            (rising edge-triggered cell FDCE clocked by sys_clk_pin  {rise@0.000ns fall@5.000ns period=10.000ns})
  Destination:            clk_div_inst/counter_reg[3]/D
                            (rising edge-triggered cell FDCE clocked by sys_clk_pin  {rise@0.000ns fall@5.000ns period=10.000ns})
  Path Group:             sys_clk_pin
  Path Type:              Hold (Min at Fast Process Corner)
  Requirement:            0.000ns  (sys_clk_pin rise@0.000ns - sys_clk_pin rise@0.000ns)
  Data Path Delay:        0.422ns  (logic 0.249ns (58.996%)  route 0.173ns (41.005%))
  Logic Levels:           2  (CARRY4=1 LUT6=1)
  Clock Path Skew:        0.000ns (DCD - SCD - CPR)
    Destination Clock Delay (DCD):    2.034ns
    Source Clock Delay      (SCD):    1.517ns
    Clock Pessimism Removal (CPR):    0.516ns

    Location             Delay type                Incr(ns)  Path(ns)    Netlist Resource(s)
  -------------------------------------------------------------------    -------------------
                         (clock sys_clk_pin rise edge)
                                                      0.000     0.000 r  
    E3                                                0.000     0.000 r  clk_100mhz (IN)
                         net (fo=0)                   0.000     0.000    clk_100mhz
    E3                   IBUF (Prop_ibuf_I_O)         0.250     0.250 r  clk_100mhz_IBUF_inst/O
                         net (fo=1, routed)           0.644     0.894    clk_100mhz_IBUF
    BUFGCTRL_X0Y16       BUFG (Prop_bufg_I_O)         0.026     0.920 r  clk_100mhz_IBUF_BUFG_inst/O
                         net (fo=27, routed)          0.598     1.517    clk_div_inst/clk_100mhz
    SLICE_X0Y82          FDCE                                         r  clk_div_inst/counter_reg[3]/C
  -------------------------------------------------------------------    -------------------
    SLICE_X0Y82          FDCE (Prop_fdce_C_Q)         0.141     1.658 r  clk_div_inst/counter_reg[3]/Q
                         net (fo=2, routed)           0.173     1.831    clk_div_inst/counter_reg[3]
    SLICE_X0Y82          LUT6 (Prop_lut6_I0_O)        0.045     1.876 r  clk_div_inst/counter[0]_i_3/O
                         net (fo=1, routed)           0.000     1.876    clk_div_inst/counter[0]_i_3_n_0
    SLICE_X0Y82          CARRY4 (Prop_carry4_S[3]_O[3])
                                                      0.063     1.939 r  clk_div_inst/counter_reg[0]_i_1/O[3]
                         net (fo=1, routed)           0.000     1.939    clk_div_inst/counter_reg[0]_i_1_n_4
    SLICE_X0Y82          FDCE                                         r  clk_div_inst/counter_reg[3]/D
  -------------------------------------------------------------------    -------------------

                         (clock sys_clk_pin rise edge)
                                                      0.000     0.000 r  
    E3                                                0.000     0.000 r  clk_100mhz (IN)
                         net (fo=0)                   0.000     0.000    clk_100mhz
    E3                   IBUF (Prop_ibuf_I_O)         0.438     0.438 r  clk_100mhz_IBUF_inst/O
                         net (fo=1, routed)           0.699     1.136    clk_100mhz_IBUF
    BUFGCTRL_X0Y16       BUFG (Prop_bufg_I_O)         0.029     1.165 r  clk_100mhz_IBUF_BUFG_inst/O
                         net (fo=27, routed)          0.869     2.034    clk_div_inst/clk_100mhz
    SLICE_X0Y82          FDCE                                         r  clk_div_inst/counter_reg[3]/C
                         clock pessimism             -0.516     1.517    
    SLICE_X0Y82          FDCE (Hold_fdce_C_D)         0.105     1.622    clk_div_inst/counter_reg[3]
  -------------------------------------------------------------------
                         required time                         -1.622    
                         arrival time                           1.939    
  -------------------------------------------------------------------
                         slack                                  0.317    

Slack (MET) :             0.317ns  (arrival time - required time)
  Source:                 clk_div_inst/counter_reg[7]/C
                            (rising edge-triggered cell FDCE clocked by sys_clk_pin  {rise@0.000ns fall@5.000ns period=10.000ns})
  Destination:            clk_div_inst/counter_reg[7]/D
                            (rising edge-triggered cell FDCE clocked by sys_clk_pin  {rise@0.000ns fall@5.000ns period=10.000ns})
  Path Group:             sys_clk_pin
  Path Type:              Hold (Min at Fast Process Corner)
  Requirement:            0.000ns  (sys_clk_pin rise@0.000ns - sys_clk_pin rise@0.000ns)
  Data Path Delay:        0.422ns  (logic 0.249ns (58.995%)  route 0.173ns (41.005%))
  Logic Levels:           2  (CARRY4=1 LUT6=1)
  Clock Path Skew:        0.000ns (DCD - SCD - CPR)
    Destination Clock Delay (DCD):    2.035ns
    Source Clock Delay      (SCD):    1.518ns
    Clock Pessimism Removal (CPR):    0.516ns

    Location             Delay type                Incr(ns)  Path(ns)    Netlist Resource(s)
  -------------------------------------------------------------------    -------------------
                         (clock sys_clk_pin rise edge)
                                                      0.000     0.000 r  
    E3                                                0.000     0.000 r  clk_100mhz (IN)
                         net (fo=0)                   0.000     0.000    clk_100mhz
    E3                   IBUF (Prop_ibuf_I_O)         0.250     0.250 r  clk_100mhz_IBUF_inst/O
                         net (fo=1, routed)           0.644     0.894    clk_100mhz_IBUF
    BUFGCTRL_X0Y16       BUFG (Prop_bufg_I_O)         0.026     0.920 r  clk_100mhz_IBUF_BUFG_inst/O
                         net (fo=27, routed)          0.599     1.518    clk_div_inst/clk_100mhz
    SLICE_X0Y83          FDCE                                         r  clk_div_inst/counter_reg[7]/C
  -------------------------------------------------------------------    -------------------
    SLICE_X0Y83          FDCE (Prop_fdce_C_Q)         0.141     1.659 r  clk_div_inst/counter_reg[7]/Q
                         net (fo=2, routed)           0.173     1.832    clk_div_inst/counter_reg[7]
    SLICE_X0Y83          LUT6 (Prop_lut6_I0_O)        0.045     1.877 r  clk_div_inst/counter[4]_i_2/O
                         net (fo=1, routed)           0.000     1.877    clk_div_inst/counter[4]_i_2_n_0
    SLICE_X0Y83          CARRY4 (Prop_carry4_S[3]_O[3])
                                                      0.063     1.940 r  clk_div_inst/counter_reg[4]_i_1/O[3]
                         net (fo=1, routed)           0.000     1.940    clk_div_inst/counter_reg[4]_i_1_n_4
    SLICE_X0Y83          FDCE                                         r  clk_div_inst/counter_reg[7]/D
  -------------------------------------------------------------------    -------------------

                         (clock sys_clk_pin rise edge)
                                                      0.000     0.000 r  
    E3                                                0.000     0.000 r  clk_100mhz (IN)
                         net (fo=0)                   0.000     0.000    clk_100mhz
    E3                   IBUF (Prop_ibuf_I_O)         0.438     0.438 r  clk_100mhz_IBUF_inst/O
                         net (fo=1, routed)           0.699     1.136    clk_100mhz_IBUF
    BUFGCTRL_X0Y16       BUFG (Prop_bufg_I_O)         0.029     1.165 r  clk_100mhz_IBUF_BUFG_inst/O
                         net (fo=27, routed)          0.870     2.035    clk_div_inst/clk_100mhz
    SLICE_X0Y83          FDCE                                         r  clk_div_inst/counter_reg[7]/C
                         clock pessimism             -0.516     1.518    
    SLICE_X0Y83          FDCE (Hold_fdce_C_D)         0.105     1.623    clk_div_inst/counter_reg[7]
  -------------------------------------------------------------------
                         required time                         -1.623    
                         arrival time                           1.940    
  -------------------------------------------------------------------
                         slack                                  0.317    

Slack (MET) :             0.317ns  (arrival time - required time)
  Source:                 clk_div_inst/counter_reg[19]/C
                            (rising edge-triggered cell FDCE clocked by sys_clk_pin  {rise@0.000ns fall@5.000ns period=10.000ns})
  Destination:            clk_div_inst/counter_reg[19]/D
                            (rising edge-triggered cell FDCE clocked by sys_clk_pin  {rise@0.000ns fall@5.000ns period=10.000ns})
  Path Group:             sys_clk_pin
  Path Type:              Hold (Min at Fast Process Corner)
  Requirement:            0.000ns  (sys_clk_pin rise@0.000ns - sys_clk_pin rise@0.000ns)
  Data Path Delay:        0.422ns  (logic 0.249ns (58.995%)  route 0.173ns (41.005%))
  Logic Levels:           2  (CARRY4=1 LUT6=1)
  Clock Path Skew:        0.000ns (DCD - SCD - CPR)
    Destination Clock Delay (DCD):    2.037ns
    Source Clock Delay      (SCD):    1.519ns
    Clock Pessimism Removal (CPR):    0.517ns

    Location             Delay type                Incr(ns)  Path(ns)    Netlist Resource(s)
  -------------------------------------------------------------------    -------------------
                         (clock sys_clk_pin rise edge)
                                                      0.000     0.000 r  
    E3                                                0.000     0.000 r  clk_100mhz (IN)
                         net (fo=0)                   0.000     0.000    clk_100mhz
    E3                   IBUF (Prop_ibuf_I_O)         0.250     0.250 r  clk_100mhz_IBUF_inst/O
                         net (fo=1, routed)           0.644     0.894    clk_100mhz_IBUF
    BUFGCTRL_X0Y16       BUFG (Prop_bufg_I_O)         0.026     0.920 r  clk_100mhz_IBUF_BUFG_inst/O
                         net (fo=27, routed)          0.600     1.519    clk_div_inst/clk_100mhz
    SLICE_X0Y86          FDCE                                         r  clk_div_inst/counter_reg[19]/C
  -------------------------------------------------------------------    -------------------
    SLICE_X0Y86          FDCE (Prop_fdce_C_Q)         0.141     1.660 r  clk_div_inst/counter_reg[19]/Q
                         net (fo=2, routed)           0.173     1.833    clk_div_inst/counter_reg[19]
    SLICE_X0Y86          LUT6 (Prop_lut6_I0_O)        0.045     1.878 r  clk_div_inst/counter[16]_i_2/O
                         net (fo=1, routed)           0.000     1.878    clk_div_inst/counter[16]_i_2_n_0
    SLICE_X0Y86          CARRY4 (Prop_carry4_S[3]_O[3])
                                                      0.063     1.941 r  clk_div_inst/counter_reg[16]_i_1/O[3]
                         net (fo=1, routed)           0.000     1.941    clk_div_inst/counter_reg[16]_i_1_n_4
    SLICE_X0Y86          FDCE                                         r  clk_div_inst/counter_reg[19]/D
  -------------------------------------------------------------------    -------------------

                         (clock sys_clk_pin rise edge)
                                                      0.000     0.000 r  
    E3                                                0.000     0.000 r  clk_100mhz (IN)
                         net (fo=0)                   0.000     0.000    clk_100mhz
    E3                   IBUF (Prop_ibuf_I_O)         0.438     0.438 r  clk_100mhz_IBUF_inst/O
                         net (fo=1, routed)           0.699     1.136    clk_100mhz_IBUF
    BUFGCTRL_X0Y16       BUFG (Prop_bufg_I_O)         0.029     1.165 r  clk_100mhz_IBUF_BUFG_inst/O
                         net (fo=27, routed)          0.872     2.037    clk_div_inst/clk_100mhz
    SLICE_X0Y86          FDCE                                         r  clk_div_inst/counter_reg[19]/C
                         clock pessimism             -0.517     1.519    
    SLICE_X0Y86          FDCE (Hold_fdce_C_D)         0.105     1.624    clk_div_inst/counter_reg[19]
  -------------------------------------------------------------------
                         required time                         -1.624    
                         arrival time                           1.941    
  -------------------------------------------------------------------
                         slack                                  0.317    

Slack (MET) :             0.331ns  (arrival time - required time)
  Source:                 clk_div_inst/counter_reg[24]/C
                            (rising edge-triggered cell FDCE clocked by sys_clk_pin  {rise@0.000ns fall@5.000ns period=10.000ns})
  Destination:            clk_div_inst/counter_reg[25]/D
                            (rising edge-triggered cell FDCE clocked by sys_clk_pin  {rise@0.000ns fall@5.000ns period=10.000ns})
  Path Group:             sys_clk_pin
  Path Type:              Hold (Min at Fast Process Corner)
  Requirement:            0.000ns  (sys_clk_pin rise@0.000ns - sys_clk_pin rise@0.000ns)
  Data Path Delay:        0.436ns  (logic 0.251ns (57.580%)  route 0.185ns (42.420%))
  Logic Levels:           2  (CARRY4=1 LUT5=1)
  Clock Path Skew:        0.000ns (DCD - SCD - CPR)
    Destination Clock Delay (DCD):    2.040ns
    Source Clock Delay      (SCD):    1.521ns
    Clock Pessimism Removal (CPR):    0.518ns

    Location             Delay type                Incr(ns)  Path(ns)    Netlist Resource(s)
  -------------------------------------------------------------------    -------------------
                         (clock sys_clk_pin rise edge)
                                                      0.000     0.000 r  
    E3                                                0.000     0.000 r  clk_100mhz (IN)
                         net (fo=0)                   0.000     0.000    clk_100mhz
    E3                   IBUF (Prop_ibuf_I_O)         0.250     0.250 r  clk_100mhz_IBUF_inst/O
                         net (fo=1, routed)           0.644     0.894    clk_100mhz_IBUF
    BUFGCTRL_X0Y16       BUFG (Prop_bufg_I_O)         0.026     0.920 r  clk_100mhz_IBUF_BUFG_inst/O
                         net (fo=27, routed)          0.602     1.521    clk_div_inst/clk_100mhz
    SLICE_X0Y88          FDCE                                         r  clk_div_inst/counter_reg[24]/C
  -------------------------------------------------------------------    -------------------
    SLICE_X0Y88          FDCE (Prop_fdce_C_Q)         0.141     1.662 f  clk_div_inst/counter_reg[24]/Q
                         net (fo=28, routed)          0.185     1.847    clk_div_inst/counter_reg[24]
    SLICE_X0Y88          LUT5 (Prop_lut5_I1_O)        0.045     1.892 r  clk_div_inst/counter[24]_i_2/O
                         net (fo=1, routed)           0.000     1.892    clk_div_inst/counter[24]_i_2_n_0
    SLICE_X0Y88          CARRY4 (Prop_carry4_S[1]_O[1])
                                                      0.065     1.957 r  clk_div_inst/counter_reg[24]_i_1/O[1]
                         net (fo=1, routed)           0.000     1.957    clk_div_inst/counter_reg[24]_i_1_n_6
    SLICE_X0Y88          FDCE                                         r  clk_div_inst/counter_reg[25]/D
  -------------------------------------------------------------------    -------------------

                         (clock sys_clk_pin rise edge)
                                                      0.000     0.000 r  
    E3                                                0.000     0.000 r  clk_100mhz (IN)
                         net (fo=0)                   0.000     0.000    clk_100mhz
    E3                   IBUF (Prop_ibuf_I_O)         0.438     0.438 r  clk_100mhz_IBUF_inst/O
                         net (fo=1, routed)           0.699     1.136    clk_100mhz_IBUF
    BUFGCTRL_X0Y16       BUFG (Prop_bufg_I_O)         0.029     1.165 r  clk_100mhz_IBUF_BUFG_inst/O
                         net (fo=27, routed)          0.875     2.040    clk_div_inst/clk_100mhz
    SLICE_X0Y88          FDCE                                         r  clk_div_inst/counter_reg[25]/C
                         clock pessimism             -0.518     1.521    
    SLICE_X0Y88          FDCE (Hold_fdce_C_D)         0.105     1.626    clk_div_inst/counter_reg[25]
  -------------------------------------------------------------------
                         required time                         -1.626    
                         arrival time                           1.957    
  -------------------------------------------------------------------
                         slack                                  0.331    





Pulse Width Checks
--------------------------------------------------------------------------------------
Clock Name:         sys_clk_pin
Waveform(ns):       { 0.000 5.000 }
Period(ns):         10.000
Sources:            { clk_100mhz }

Check Type        Corner  Lib Pin  Reference Pin  Required(ns)  Actual(ns)  Slack(ns)  Location        Pin
Min Period        n/a     BUFG/I   n/a            2.155         10.000      7.845      BUFGCTRL_X0Y16  clk_100mhz_IBUF_BUFG_inst/I
Min Period        n/a     FDCE/C   n/a            1.000         10.000      9.000      SLICE_X0Y82     clk_div_inst/counter_reg[0]/C
Min Period        n/a     FDCE/C   n/a            1.000         10.000      9.000      SLICE_X0Y84     clk_div_inst/counter_reg[10]/C
Min Period        n/a     FDCE/C   n/a            1.000         10.000      9.000      SLICE_X0Y84     clk_div_inst/counter_reg[11]/C
Min Period        n/a     FDCE/C   n/a            1.000         10.000      9.000      SLICE_X0Y85     clk_div_inst/counter_reg[12]/C
Min Period        n/a     FDCE/C   n/a            1.000         10.000      9.000      SLICE_X0Y85     clk_div_inst/counter_reg[13]/C
Min Period        n/a     FDCE/C   n/a            1.000         10.000      9.000      SLICE_X0Y85     clk_div_inst/counter_reg[14]/C
Min Period        n/a     FDCE/C   n/a            1.000         10.000      9.000      SLICE_X0Y85     clk_div_inst/counter_reg[15]/C
Min Period        n/a     FDCE/C   n/a            1.000         10.000      9.000      SLICE_X0Y86     clk_div_inst/counter_reg[16]/C
Min Period        n/a     FDCE/C   n/a            1.000         10.000      9.000      SLICE_X0Y86     clk_div_inst/counter_reg[17]/C
Low Pulse Width   Slow    FDCE/C   n/a            0.500         5.000       4.500      SLICE_X0Y82     clk_div_inst/counter_reg[0]/C
Low Pulse Width   Fast    FDCE/C   n/a            0.500         5.000       4.500      SLICE_X0Y82     clk_div_inst/counter_reg[0]/C
Low Pulse Width   Slow    FDCE/C   n/a            0.500         5.000       4.500      SLICE_X0Y84     clk_div_inst/counter_reg[10]/C
Low Pulse Width   Fast    FDCE/C   n/a            0.500         5.000       4.500      SLICE_X0Y84     clk_div_inst/counter_reg[10]/C
Low Pulse Width   Slow    FDCE/C   n/a            0.500         5.000       4.500      SLICE_X0Y84     clk_div_inst/counter_reg[11]/C
Low Pulse Width   Fast    FDCE/C   n/a            0.500         5.000       4.500      SLICE_X0Y84     clk_div_inst/counter_reg[11]/C
Low Pulse Width   Slow    FDCE/C   n/a            0.500         5.000       4.500      SLICE_X0Y85     clk_div_inst/counter_reg[12]/C
Low Pulse Width   Fast    FDCE/C   n/a            0.500         5.000       4.500      SLICE_X0Y85     clk_div_inst/counter_reg[12]/C
Low Pulse Width   Slow    FDCE/C   n/a            0.500         5.000       4.500      SLICE_X0Y85     clk_div_inst/counter_reg[13]/C
Low Pulse Width   Fast    FDCE/C   n/a            0.500         5.000       4.500      SLICE_X0Y85     clk_div_inst/counter_reg[13]/C
High Pulse Width  Slow    FDCE/C   n/a            0.500         5.000       4.500      SLICE_X0Y82     clk_div_inst/counter_reg[0]/C
High Pulse Width  Fast    FDCE/C   n/a            0.500         5.000       4.500      SLICE_X0Y82     clk_div_inst/counter_reg[0]/C
High Pulse Width  Slow    FDCE/C   n/a            0.500         5.000       4.500      SLICE_X0Y84     clk_div_inst/counter_reg[10]/C
High Pulse Width  Fast    FDCE/C   n/a            0.500         5.000       4.500      SLICE_X0Y84     clk_div_inst/counter_reg[10]/C
High Pulse Width  Slow    FDCE/C   n/a            0.500         5.000       4.500      SLICE_X0Y84     clk_div_inst/counter_reg[11]/C
High Pulse Width  Fast    FDCE/C   n/a            0.500         5.000       4.500      SLICE_X0Y84     clk_div_inst/counter_reg[11]/C
High Pulse Width  Slow    FDCE/C   n/a            0.500         5.000       4.500      SLICE_X0Y85     clk_div_inst/counter_reg[12]/C
High Pulse Width  Fast    FDCE/C   n/a            0.500         5.000       4.500      SLICE_X0Y85     clk_div_inst/counter_reg[12]/C
High Pulse Width  Slow    FDCE/C   n/a            0.500         5.000       4.500      SLICE_X0Y85     clk_div_inst/counter_reg[13]/C
High Pulse Width  Fast    FDCE/C   n/a            0.500         5.000       4.500      SLICE_X0Y85     clk_div_inst/counter_reg[13]/C



--------------------------------------------------------------------------------------
Path Group:  (none)
From Clock:  
  To Clock:  

Max Delay            16 Endpoints
Min Delay            16 Endpoints
--------------------------------------------------------------------------------------


Max Delay Paths
--------------------------------------------------------------------------------------
Slack:                    inf
  Source:                 usr_inst/q_reg[2]/C
                            (rising edge-triggered cell FDCE)
  Destination:            q[2]
                            (output port)
  Path Group:             (none)
  Path Type:              Max at Slow Process Corner
  Data Path Delay:        6.681ns  (logic 4.009ns (60.003%)  route 2.672ns (39.997%))
  Logic Levels:           2  (FDCE=1 OBUF=1)

    Location             Delay type                Incr(ns)  Path(ns)    Netlist Resource(s)
  -------------------------------------------------------------------    -------------------
    SLICE_X1Y87          FDCE                         0.000     0.000 r  usr_inst/q_reg[2]/C
    SLICE_X1Y87          FDCE (Prop_fdce_C_Q)         0.456     0.456 r  usr_inst/q_reg[2]/Q
                         net (fo=3, routed)           2.672     3.128    q_OBUF[2]
    J13                  OBUF (Prop_obuf_I_O)         3.553     6.681 r  q_OBUF[2]_inst/O
                         net (fo=0)                   0.000     6.681    q[2]
    J13                                                               r  q[2] (OUT)
  -------------------------------------------------------------------    -------------------

Slack:                    inf
  Source:                 usr_inst/q_reg[0]/C
                            (rising edge-triggered cell FDCE)
  Destination:            q[0]
                            (output port)
  Path Group:             (none)
  Path Type:              Max at Slow Process Corner
  Data Path Delay:        6.514ns  (logic 3.976ns (61.042%)  route 2.538ns (38.958%))
  Logic Levels:           2  (FDCE=1 OBUF=1)

    Location             Delay type                Incr(ns)  Path(ns)    Netlist Resource(s)
  -------------------------------------------------------------------    -------------------
    SLICE_X1Y87          FDCE                         0.000     0.000 r  usr_inst/q_reg[0]/C
    SLICE_X1Y87          FDCE (Prop_fdce_C_Q)         0.456     0.456 r  usr_inst/q_reg[0]/Q
                         net (fo=2, routed)           2.538     2.994    q_OBUF[0]
    H17                  OBUF (Prop_obuf_I_O)         3.520     6.514 r  q_OBUF[0]_inst/O
                         net (fo=0)                   0.000     6.514    q[0]
    H17                                                               r  q[0] (OUT)
  -------------------------------------------------------------------    -------------------

Slack:                    inf
  Source:                 usr_inst/q_reg[1]/C
                            (rising edge-triggered cell FDCE)
  Destination:            q[1]
                            (output port)
  Path Group:             (none)
  Path Type:              Max at Slow Process Corner
  Data Path Delay:        6.110ns  (logic 3.991ns (65.323%)  route 2.119ns (34.677%))
  Logic Levels:           2  (FDCE=1 OBUF=1)

    Location             Delay type                Incr(ns)  Path(ns)    Netlist Resource(s)
  -------------------------------------------------------------------    -------------------
    SLICE_X1Y87          FDCE                         0.000     0.000 r  usr_inst/q_reg[1]/C
    SLICE_X1Y87          FDCE (Prop_fdce_C_Q)         0.456     0.456 r  usr_inst/q_reg[1]/Q
                         net (fo=3, routed)           2.119     2.575    q_OBUF[1]
    K15                  OBUF (Prop_obuf_I_O)         3.535     6.110 r  q_OBUF[1]_inst/O
                         net (fo=0)                   0.000     6.110    q[1]
    K15                                                               r  q[1] (OUT)
  -------------------------------------------------------------------    -------------------

Slack:                    inf
  Source:                 usr_inst/q_reg[3]/C
                            (rising edge-triggered cell FDCE)
  Destination:            q[3]
                            (output port)
  Path Group:             (none)
  Path Type:              Max at Slow Process Corner
  Data Path Delay:        5.837ns  (logic 4.007ns (68.636%)  route 1.831ns (31.364%))
  Logic Levels:           2  (FDCE=1 OBUF=1)

    Location             Delay type                Incr(ns)  Path(ns)    Netlist Resource(s)
  -------------------------------------------------------------------    -------------------
    SLICE_X1Y86          FDCE                         0.000     0.000 r  usr_inst/q_reg[3]/C
    SLICE_X1Y86          FDCE (Prop_fdce_C_Q)         0.456     0.456 r  usr_inst/q_reg[3]/Q
                         net (fo=2, routed)           1.831     2.287    q_OBUF[3]
    N14                  OBUF (Prop_obuf_I_O)         3.551     5.837 r  q_OBUF[3]_inst/O
                         net (fo=0)                   0.000     5.837    q[3]
    N14                                                               r  q[3] (OUT)
  -------------------------------------------------------------------    -------------------

Slack:                    inf
  Source:                 s[1]
                            (input port)
  Destination:            usr_inst/q_reg[3]/CE
  Path Group:             (none)
  Path Type:              Max at Slow Process Corner
  Data Path Delay:        4.504ns  (logic 1.648ns (36.590%)  route 2.856ns (63.410%))
  Logic Levels:           2  (IBUF=1 LUT2=1)

    Location             Delay type                Incr(ns)  Path(ns)    Netlist Resource(s)
  -------------------------------------------------------------------    -------------------
    V10                                               0.000     0.000 r  s[1] (IN)
                         net (fo=0)                   0.000     0.000    s[1]
    V10                  IBUF (Prop_ibuf_I_O)         1.524     1.524 r  s_IBUF[1]_inst/O
                         net (fo=5, routed)           2.254     3.778    usr_inst/s_IBUF[1]
    SLICE_X1Y86          LUT2 (Prop_lut2_I1_O)        0.124     3.902 r  usr_inst/q[3]_i_1/O
                         net (fo=4, routed)           0.602     4.504    usr_inst/q[3]_i_1_n_0
    SLICE_X1Y86          FDCE                                         r  usr_inst/q_reg[3]/CE
  -------------------------------------------------------------------    -------------------

Slack:                    inf
  Source:                 s[1]
                            (input port)
  Destination:            usr_inst/q_reg[0]/CE
  Path Group:             (none)
  Path Type:              Max at Slow Process Corner
  Data Path Delay:        4.234ns  (logic 1.648ns (38.929%)  route 2.585ns (61.071%))
  Logic Levels:           2  (IBUF=1 LUT2=1)

    Location             Delay type                Incr(ns)  Path(ns)    Netlist Resource(s)
  -------------------------------------------------------------------    -------------------
    V10                                               0.000     0.000 r  s[1] (IN)
                         net (fo=0)                   0.000     0.000    s[1]
    V10                  IBUF (Prop_ibuf_I_O)         1.524     1.524 r  s_IBUF[1]_inst/O
                         net (fo=5, routed)           2.254     3.778    usr_inst/s_IBUF[1]
    SLICE_X1Y86          LUT2 (Prop_lut2_I1_O)        0.124     3.902 r  usr_inst/q[3]_i_1/O
                         net (fo=4, routed)           0.332     4.234    usr_inst/q[3]_i_1_n_0
    SLICE_X1Y87          FDCE                                         r  usr_inst/q_reg[0]/CE
  -------------------------------------------------------------------    -------------------

Slack:                    inf
  Source:                 s[1]
                            (input port)
  Destination:            usr_inst/q_reg[1]/CE
  Path Group:             (none)
  Path Type:              Max at Slow Process Corner
  Data Path Delay:        4.234ns  (logic 1.648ns (38.929%)  route 2.585ns (61.071%))
  Logic Levels:           2  (IBUF=1 LUT2=1)

    Location             Delay type                Incr(ns)  Path(ns)    Netlist Resource(s)
  -------------------------------------------------------------------    -------------------
    V10                                               0.000     0.000 r  s[1] (IN)
                         net (fo=0)                   0.000     0.000    s[1]
    V10                  IBUF (Prop_ibuf_I_O)         1.524     1.524 r  s_IBUF[1]_inst/O
                         net (fo=5, routed)           2.254     3.778    usr_inst/s_IBUF[1]
    SLICE_X1Y86          LUT2 (Prop_lut2_I1_O)        0.124     3.902 r  usr_inst/q[3]_i_1/O
                         net (fo=4, routed)           0.332     4.234    usr_inst/q[3]_i_1_n_0
    SLICE_X1Y87          FDCE                                         r  usr_inst/q_reg[1]/CE
  -------------------------------------------------------------------    -------------------

Slack:                    inf
  Source:                 s[1]
                            (input port)
  Destination:            usr_inst/q_reg[2]/CE
  Path Group:             (none)
  Path Type:              Max at Slow Process Corner
  Data Path Delay:        4.234ns  (logic 1.648ns (38.929%)  route 2.585ns (61.071%))
  Logic Levels:           2  (IBUF=1 LUT2=1)

    Location             Delay type                Incr(ns)  Path(ns)    Netlist Resource(s)
  -------------------------------------------------------------------    -------------------
    V10                                               0.000     0.000 r  s[1] (IN)
                         net (fo=0)                   0.000     0.000    s[1]
    V10                  IBUF (Prop_ibuf_I_O)         1.524     1.524 r  s_IBUF[1]_inst/O
                         net (fo=5, routed)           2.254     3.778    usr_inst/s_IBUF[1]
    SLICE_X1Y86          LUT2 (Prop_lut2_I1_O)        0.124     3.902 r  usr_inst/q[3]_i_1/O
                         net (fo=4, routed)           0.332     4.234    usr_inst/q[3]_i_1_n_0
    SLICE_X1Y87          FDCE                                         r  usr_inst/q_reg[2]/CE
  -------------------------------------------------------------------    -------------------

Slack:                    inf
  Source:                 s[0]
                            (input port)
  Destination:            usr_inst/q_reg[0]/D
  Path Group:             (none)
  Path Type:              Max at Slow Process Corner
  Data Path Delay:        4.032ns  (logic 1.634ns (40.519%)  route 2.399ns (59.481%))
  Logic Levels:           2  (IBUF=1 LUT5=1)

    Location             Delay type                Incr(ns)  Path(ns)    Netlist Resource(s)
  -------------------------------------------------------------------    -------------------
    U11                                               0.000     0.000 r  s[0] (IN)
                         net (fo=0)                   0.000     0.000    s[0]
    U11                  IBUF (Prop_ibuf_I_O)         1.510     1.510 r  s_IBUF[0]_inst/O
                         net (fo=5, routed)           2.399     3.908    usr_inst/s_IBUF[0]
    SLICE_X1Y87          LUT5 (Prop_lut5_I1_O)        0.124     4.032 r  usr_inst/q[0]_i_1/O
                         net (fo=1, routed)           0.000     4.032    usr_inst/q[0]_i_1_n_0
    SLICE_X1Y87          FDCE                                         r  usr_inst/q_reg[0]/D
  -------------------------------------------------------------------    -------------------

Slack:                    inf
  Source:                 s[1]
                            (input port)
  Destination:            usr_inst/q_reg[3]/D
  Path Group:             (none)
  Path Type:              Max at Slow Process Corner
  Data Path Delay:        3.900ns  (logic 1.648ns (42.262%)  route 2.252ns (57.738%))
  Logic Levels:           2  (IBUF=1 LUT5=1)

    Location             Delay type                Incr(ns)  Path(ns)    Netlist Resource(s)
  -------------------------------------------------------------------    -------------------
    V10                                               0.000     0.000 r  s[1] (IN)
                         net (fo=0)                   0.000     0.000    s[1]
    V10                  IBUF (Prop_ibuf_I_O)         1.524     1.524 r  s_IBUF[1]_inst/O
                         net (fo=5, routed)           2.252     3.776    usr_inst/s_IBUF[1]
    SLICE_X1Y86          LUT5 (Prop_lut5_I3_O)        0.124     3.900 r  usr_inst/q[3]_i_2/O
                         net (fo=1, routed)           0.000     3.900    usr_inst/q[3]_i_2_n_0
    SLICE_X1Y86          FDCE                                         r  usr_inst/q_reg[3]/D
  -------------------------------------------------------------------    -------------------





Min Delay Paths
--------------------------------------------------------------------------------------
Slack:                    inf
  Source:                 usr_inst/q_reg[1]/C
                            (rising edge-triggered cell FDCE)
  Destination:            usr_inst/q_reg[2]/D
  Path Group:             (none)
  Path Type:              Min at Fast Process Corner
  Data Path Delay:        0.314ns  (logic 0.186ns (59.316%)  route 0.128ns (40.684%))
  Logic Levels:           2  (FDCE=1 LUT5=1)

    Location             Delay type                Incr(ns)  Path(ns)    Netlist Resource(s)
  -------------------------------------------------------------------    -------------------
    SLICE_X1Y87          FDCE                         0.000     0.000 r  usr_inst/q_reg[1]/C
    SLICE_X1Y87          FDCE (Prop_fdce_C_Q)         0.141     0.141 r  usr_inst/q_reg[1]/Q
                         net (fo=3, routed)           0.128     0.269    usr_inst/Q[1]
    SLICE_X1Y87          LUT5 (Prop_lut5_I4_O)        0.045     0.314 r  usr_inst/q[2]_i_1/O
                         net (fo=1, routed)           0.000     0.314    usr_inst/q[2]_i_1_n_0
    SLICE_X1Y87          FDCE                                         r  usr_inst/q_reg[2]/D
  -------------------------------------------------------------------    -------------------

Slack:                    inf
  Source:                 usr_inst/q_reg[2]/C
                            (rising edge-triggered cell FDCE)
  Destination:            usr_inst/q_reg[3]/D
  Path Group:             (none)
  Path Type:              Min at Fast Process Corner
  Data Path Delay:        0.320ns  (logic 0.186ns (58.190%)  route 0.134ns (41.810%))
  Logic Levels:           2  (FDCE=1 LUT5=1)

    Location             Delay type                Incr(ns)  Path(ns)    Netlist Resource(s)
  -------------------------------------------------------------------    -------------------
    SLICE_X1Y87          FDCE                         0.000     0.000 r  usr_inst/q_reg[2]/C
    SLICE_X1Y87          FDCE (Prop_fdce_C_Q)         0.141     0.141 r  usr_inst/q_reg[2]/Q
                         net (fo=3, routed)           0.134     0.275    usr_inst/Q[2]
    SLICE_X1Y86          LUT5 (Prop_lut5_I4_O)        0.045     0.320 r  usr_inst/q[3]_i_2/O
                         net (fo=1, routed)           0.000     0.320    usr_inst/q[3]_i_2_n_0
    SLICE_X1Y86          FDCE                                         r  usr_inst/q_reg[3]/D
  -------------------------------------------------------------------    -------------------

Slack:                    inf
  Source:                 usr_inst/q_reg[1]/C
                            (rising edge-triggered cell FDCE)
  Destination:            usr_inst/q_reg[0]/D
  Path Group:             (none)
  Path Type:              Min at Fast Process Corner
  Data Path Delay:        0.400ns  (logic 0.186ns (46.549%)  route 0.214ns (53.451%))
  Logic Levels:           2  (FDCE=1 LUT5=1)

    Location             Delay type                Incr(ns)  Path(ns)    Netlist Resource(s)
  -------------------------------------------------------------------    -------------------
    SLICE_X1Y87          FDCE                         0.000     0.000 r  usr_inst/q_reg[1]/C
    SLICE_X1Y87          FDCE (Prop_fdce_C_Q)         0.141     0.141 r  usr_inst/q_reg[1]/Q
                         net (fo=3, routed)           0.214     0.355    usr_inst/Q[1]
    SLICE_X1Y87          LUT5 (Prop_lut5_I2_O)        0.045     0.400 r  usr_inst/q[0]_i_1/O
                         net (fo=1, routed)           0.000     0.400    usr_inst/q[0]_i_1_n_0
    SLICE_X1Y87          FDCE                                         r  usr_inst/q_reg[0]/D
  -------------------------------------------------------------------    -------------------

Slack:                    inf
  Source:                 usr_inst/q_reg[2]/C
                            (rising edge-triggered cell FDCE)
  Destination:            usr_inst/q_reg[1]/D
  Path Group:             (none)
  Path Type:              Min at Fast Process Corner
  Data Path Delay:        0.432ns  (logic 0.186ns (43.095%)  route 0.246ns (56.905%))
  Logic Levels:           2  (FDCE=1 LUT5=1)

    Location             Delay type                Incr(ns)  Path(ns)    Netlist Resource(s)
  -------------------------------------------------------------------    -------------------
    SLICE_X1Y87          FDCE                         0.000     0.000 r  usr_inst/q_reg[2]/C
    SLICE_X1Y87          FDCE (Prop_fdce_C_Q)         0.141     0.141 r  usr_inst/q_reg[2]/Q
                         net (fo=3, routed)           0.246     0.387    usr_inst/Q[2]
    SLICE_X1Y87          LUT5 (Prop_lut5_I2_O)        0.045     0.432 r  usr_inst/q[1]_i_1/O
                         net (fo=1, routed)           0.000     0.432    usr_inst/q[1]_i_1_n_0
    SLICE_X1Y87          FDCE                                         r  usr_inst/q_reg[1]/D
  -------------------------------------------------------------------    -------------------

Slack:                    inf
  Source:                 reset
                            (input port)
  Destination:            usr_inst/q_reg[3]/CLR
  Path Group:             (none)
  Path Type:              Min at Fast Process Corner
  Data Path Delay:        0.872ns  (logic 0.244ns (28.025%)  route 0.628ns (71.975%))
  Logic Levels:           1  (IBUF=1)

    Location             Delay type                Incr(ns)  Path(ns)    Netlist Resource(s)
  -------------------------------------------------------------------    -------------------
    N17                                               0.000     0.000 f  reset (IN)
                         net (fo=0)                   0.000     0.000    reset
    N17                  IBUF (Prop_ibuf_I_O)         0.244     0.244 f  reset_IBUF_inst/O
                         net (fo=31, routed)          0.628     0.872    usr_inst/AR[0]
    SLICE_X1Y86          FDCE                                         f  usr_inst/q_reg[3]/CLR
  -------------------------------------------------------------------    -------------------

Slack:                    inf
  Source:                 reset
                            (input port)
  Destination:            usr_inst/q_reg[0]/CLR
  Path Group:             (none)
  Path Type:              Min at Fast Process Corner
  Data Path Delay:        1.003ns  (logic 0.244ns (24.367%)  route 0.759ns (75.633%))
  Logic Levels:           1  (IBUF=1)

    Location             Delay type                Incr(ns)  Path(ns)    Netlist Resource(s)
  -------------------------------------------------------------------    -------------------
    N17                                               0.000     0.000 f  reset (IN)
                         net (fo=0)                   0.000     0.000    reset
    N17                  IBUF (Prop_ibuf_I_O)         0.244     0.244 f  reset_IBUF_inst/O
                         net (fo=31, routed)          0.759     1.003    usr_inst/AR[0]
    SLICE_X1Y87          FDCE                                         f  usr_inst/q_reg[0]/CLR
  -------------------------------------------------------------------    -------------------

Slack:                    inf
  Source:                 reset
                            (input port)
  Destination:            usr_inst/q_reg[1]/CLR
  Path Group:             (none)
  Path Type:              Min at Fast Process Corner
  Data Path Delay:        1.003ns  (logic 0.244ns (24.367%)  route 0.759ns (75.633%))
  Logic Levels:           1  (IBUF=1)

    Location             Delay type                Incr(ns)  Path(ns)    Netlist Resource(s)
  -------------------------------------------------------------------    -------------------
    N17                                               0.000     0.000 f  reset (IN)
                         net (fo=0)                   0.000     0.000    reset
    N17                  IBUF (Prop_ibuf_I_O)         0.244     0.244 f  reset_IBUF_inst/O
                         net (fo=31, routed)          0.759     1.003    usr_inst/AR[0]
    SLICE_X1Y87          FDCE                                         f  usr_inst/q_reg[1]/CLR
  -------------------------------------------------------------------    -------------------

Slack:                    inf
  Source:                 reset
                            (input port)
  Destination:            usr_inst/q_reg[2]/CLR
  Path Group:             (none)
  Path Type:              Min at Fast Process Corner
  Data Path Delay:        1.003ns  (logic 0.244ns (24.367%)  route 0.759ns (75.633%))
  Logic Levels:           1  (IBUF=1)

    Location             Delay type                Incr(ns)  Path(ns)    Netlist Resource(s)
  -------------------------------------------------------------------    -------------------
    N17                                               0.000     0.000 f  reset (IN)
                         net (fo=0)                   0.000     0.000    reset
    N17                  IBUF (Prop_ibuf_I_O)         0.244     0.244 f  reset_IBUF_inst/O
                         net (fo=31, routed)          0.759     1.003    usr_inst/AR[0]
    SLICE_X1Y87          FDCE                                         f  usr_inst/q_reg[2]/CLR
  -------------------------------------------------------------------    -------------------

Slack:                    inf
  Source:                 s[0]
                            (input port)
  Destination:            usr_inst/q_reg[0]/CE
  Path Group:             (none)
  Path Type:              Min at Fast Process Corner
  Data Path Delay:        1.270ns  (logic 0.322ns (25.397%)  route 0.947ns (74.603%))
  Logic Levels:           2  (IBUF=1 LUT2=1)

    Location             Delay type                Incr(ns)  Path(ns)    Netlist Resource(s)
  -------------------------------------------------------------------    -------------------
    U11                                               0.000     0.000 r  s[0] (IN)
                         net (fo=0)                   0.000     0.000    s[0]
    U11                  IBUF (Prop_ibuf_I_O)         0.277     0.277 r  s_IBUF[0]_inst/O
                         net (fo=5, routed)           0.835     1.113    usr_inst/s_IBUF[0]
    SLICE_X1Y86          LUT2 (Prop_lut2_I0_O)        0.045     1.158 r  usr_inst/q[3]_i_1/O
                         net (fo=4, routed)           0.112     1.270    usr_inst/q[3]_i_1_n_0
    SLICE_X1Y87          FDCE                                         r  usr_inst/q_reg[0]/CE
  -------------------------------------------------------------------    -------------------

Slack:                    inf
  Source:                 s[0]
                            (input port)
  Destination:            usr_inst/q_reg[1]/CE
  Path Group:             (none)
  Path Type:              Min at Fast Process Corner
  Data Path Delay:        1.270ns  (logic 0.322ns (25.397%)  route 0.947ns (74.603%))
  Logic Levels:           2  (IBUF=1 LUT2=1)

    Location             Delay type                Incr(ns)  Path(ns)    Netlist Resource(s)
  -------------------------------------------------------------------    -------------------
    U11                                               0.000     0.000 r  s[0] (IN)
                         net (fo=0)                   0.000     0.000    s[0]
    U11                  IBUF (Prop_ibuf_I_O)         0.277     0.277 r  s_IBUF[0]_inst/O
                         net (fo=5, routed)           0.835     1.113    usr_inst/s_IBUF[0]
    SLICE_X1Y86          LUT2 (Prop_lut2_I0_O)        0.045     1.158 r  usr_inst/q[3]_i_1/O
                         net (fo=4, routed)           0.112     1.270    usr_inst/q[3]_i_1_n_0
    SLICE_X1Y87          FDCE                                         r  usr_inst/q_reg[1]/CE
  -------------------------------------------------------------------    -------------------





--------------------------------------------------------------------------------------
Path Group:  (none)
From Clock:  
  To Clock:  sys_clk_pin

Max Delay            27 Endpoints
Min Delay            27 Endpoints
--------------------------------------------------------------------------------------


Max Delay Paths
--------------------------------------------------------------------------------------
Slack:                    inf
  Source:                 reset
                            (input port)
  Destination:            clk_div_inst/counter_reg[24]/CLR
                            (recovery check against rising-edge clock sys_clk_pin  {rise@0.000ns fall@5.000ns period=10.000ns})
  Path Group:             (none)
  Path Type:              Recovery (Max at Slow Process Corner)
  Data Path Delay:        3.528ns  (logic 1.477ns (41.858%)  route 2.051ns (58.142%))
  Logic Levels:           1  (IBUF=1)
  Clock Path Skew:        5.025ns (DCD - SCD + CPR)
    Destination Clock Delay (DCD):    5.025ns
    Source Clock Delay      (SCD):    0.000ns
    Clock Pessimism Removal (CPR):    0.000ns
  Clock Uncertainty:      0.025ns  ((TSJ^2 + TIJ^2)^1/2 + DJ) / 2 + PE
    Total System Jitter     (TSJ):    0.050ns
    Total Input Jitter      (TIJ):    0.000ns
    Discrete Jitter          (DJ):    0.000ns
    Phase Error              (PE):    0.000ns

    Location             Delay type                Incr(ns)  Path(ns)    Netlist Resource(s)
  -------------------------------------------------------------------    -------------------
    N17                                               0.000     0.000 f  reset (IN)
                         net (fo=0)                   0.000     0.000    reset
    N17                  IBUF (Prop_ibuf_I_O)         1.477     1.477 f  reset_IBUF_inst/O
                         net (fo=31, routed)          2.051     3.528    clk_div_inst/AR[0]
    SLICE_X0Y88          FDCE                                         f  clk_div_inst/counter_reg[24]/CLR
  -------------------------------------------------------------------    -------------------

                         (clock sys_clk_pin rise edge)
                                                      0.000     0.000 r  
    E3                                                0.000     0.000 r  clk_100mhz (IN)
                         net (fo=0)                   0.000     0.000    clk_100mhz
    E3                   IBUF (Prop_ibuf_I_O)         1.411     1.411 r  clk_100mhz_IBUF_inst/O
                         net (fo=1, routed)           1.920     3.331    clk_100mhz_IBUF
    BUFGCTRL_X0Y16       BUFG (Prop_bufg_I_O)         0.091     3.422 r  clk_100mhz_IBUF_BUFG_inst/O
                         net (fo=27, routed)          1.602     5.025    clk_div_inst/clk_100mhz
    SLICE_X0Y88          FDCE                                         r  clk_div_inst/counter_reg[24]/C

Slack:                    inf
  Source:                 reset
                            (input port)
  Destination:            clk_div_inst/counter_reg[25]/CLR
                            (recovery check against rising-edge clock sys_clk_pin  {rise@0.000ns fall@5.000ns period=10.000ns})
  Path Group:             (none)
  Path Type:              Recovery (Max at Slow Process Corner)
  Data Path Delay:        3.528ns  (logic 1.477ns (41.858%)  route 2.051ns (58.142%))
  Logic Levels:           1  (IBUF=1)
  Clock Path Skew:        5.025ns (DCD - SCD + CPR)
    Destination Clock Delay (DCD):    5.025ns
    Source Clock Delay      (SCD):    0.000ns
    Clock Pessimism Removal (CPR):    0.000ns
  Clock Uncertainty:      0.025ns  ((TSJ^2 + TIJ^2)^1/2 + DJ) / 2 + PE
    Total System Jitter     (TSJ):    0.050ns
    Total Input Jitter      (TIJ):    0.000ns
    Discrete Jitter          (DJ):    0.000ns
    Phase Error              (PE):    0.000ns

    Location             Delay type                Incr(ns)  Path(ns)    Netlist Resource(s)
  -------------------------------------------------------------------    -------------------
    N17                                               0.000     0.000 f  reset (IN)
                         net (fo=0)                   0.000     0.000    reset
    N17                  IBUF (Prop_ibuf_I_O)         1.477     1.477 f  reset_IBUF_inst/O
                         net (fo=31, routed)          2.051     3.528    clk_div_inst/AR[0]
    SLICE_X0Y88          FDCE                                         f  clk_div_inst/counter_reg[25]/CLR
  -------------------------------------------------------------------    -------------------

                         (clock sys_clk_pin rise edge)
                                                      0.000     0.000 r  
    E3                                                0.000     0.000 r  clk_100mhz (IN)
                         net (fo=0)                   0.000     0.000    clk_100mhz
    E3                   IBUF (Prop_ibuf_I_O)         1.411     1.411 r  clk_100mhz_IBUF_inst/O
                         net (fo=1, routed)           1.920     3.331    clk_100mhz_IBUF
    BUFGCTRL_X0Y16       BUFG (Prop_bufg_I_O)         0.091     3.422 r  clk_100mhz_IBUF_BUFG_inst/O
                         net (fo=27, routed)          1.602     5.025    clk_div_inst/clk_100mhz
    SLICE_X0Y88          FDCE                                         r  clk_div_inst/counter_reg[25]/C

Slack:                    inf
  Source:                 reset
                            (input port)
  Destination:            clk_div_inst/counter_reg[20]/CLR
                            (recovery check against rising-edge clock sys_clk_pin  {rise@0.000ns fall@5.000ns period=10.000ns})
  Path Group:             (none)
  Path Type:              Recovery (Max at Slow Process Corner)
  Data Path Delay:        3.306ns  (logic 1.477ns (44.668%)  route 1.829ns (55.332%))
  Logic Levels:           1  (IBUF=1)
  Clock Path Skew:        5.024ns (DCD - SCD + CPR)
    Destination Clock Delay (DCD):    5.024ns
    Source Clock Delay      (SCD):    0.000ns
    Clock Pessimism Removal (CPR):    0.000ns
  Clock Uncertainty:      0.025ns  ((TSJ^2 + TIJ^2)^1/2 + DJ) / 2 + PE
    Total System Jitter     (TSJ):    0.050ns
    Total Input Jitter      (TIJ):    0.000ns
    Discrete Jitter          (DJ):    0.000ns
    Phase Error              (PE):    0.000ns

    Location             Delay type                Incr(ns)  Path(ns)    Netlist Resource(s)
  -------------------------------------------------------------------    -------------------
    N17                                               0.000     0.000 f  reset (IN)
                         net (fo=0)                   0.000     0.000    reset
    N17                  IBUF (Prop_ibuf_I_O)         1.477     1.477 f  reset_IBUF_inst/O
                         net (fo=31, routed)          1.829     3.306    clk_div_inst/AR[0]
    SLICE_X0Y87          FDCE                                         f  clk_div_inst/counter_reg[20]/CLR
  -------------------------------------------------------------------    -------------------

                         (clock sys_clk_pin rise edge)
                                                      0.000     0.000 r  
    E3                                                0.000     0.000 r  clk_100mhz (IN)
                         net (fo=0)                   0.000     0.000    clk_100mhz
    E3                   IBUF (Prop_ibuf_I_O)         1.411     1.411 r  clk_100mhz_IBUF_inst/O
                         net (fo=1, routed)           1.920     3.331    clk_100mhz_IBUF
    BUFGCTRL_X0Y16       BUFG (Prop_bufg_I_O)         0.091     3.422 r  clk_100mhz_IBUF_BUFG_inst/O
                         net (fo=27, routed)          1.601     5.024    clk_div_inst/clk_100mhz
    SLICE_X0Y87          FDCE                                         r  clk_div_inst/counter_reg[20]/C

Slack:                    inf
  Source:                 reset
                            (input port)
  Destination:            clk_div_inst/counter_reg[21]/CLR
                            (recovery check against rising-edge clock sys_clk_pin  {rise@0.000ns fall@5.000ns period=10.000ns})
  Path Group:             (none)
  Path Type:              Recovery (Max at Slow Process Corner)
  Data Path Delay:        3.306ns  (logic 1.477ns (44.668%)  route 1.829ns (55.332%))
  Logic Levels:           1  (IBUF=1)
  Clock Path Skew:        5.024ns (DCD - SCD + CPR)
    Destination Clock Delay (DCD):    5.024ns
    Source Clock Delay      (SCD):    0.000ns
    Clock Pessimism Removal (CPR):    0.000ns
  Clock Uncertainty:      0.025ns  ((TSJ^2 + TIJ^2)^1/2 + DJ) / 2 + PE
    Total System Jitter     (TSJ):    0.050ns
    Total Input Jitter      (TIJ):    0.000ns
    Discrete Jitter          (DJ):    0.000ns
    Phase Error              (PE):    0.000ns

    Location             Delay type                Incr(ns)  Path(ns)    Netlist Resource(s)
  -------------------------------------------------------------------    -------------------
    N17                                               0.000     0.000 f  reset (IN)
                         net (fo=0)                   0.000     0.000    reset
    N17                  IBUF (Prop_ibuf_I_O)         1.477     1.477 f  reset_IBUF_inst/O
                         net (fo=31, routed)          1.829     3.306    clk_div_inst/AR[0]
    SLICE_X0Y87          FDCE                                         f  clk_div_inst/counter_reg[21]/CLR
  -------------------------------------------------------------------    -------------------

                         (clock sys_clk_pin rise edge)
                                                      0.000     0.000 r  
    E3                                                0.000     0.000 r  clk_100mhz (IN)
                         net (fo=0)                   0.000     0.000    clk_100mhz
    E3                   IBUF (Prop_ibuf_I_O)         1.411     1.411 r  clk_100mhz_IBUF_inst/O
                         net (fo=1, routed)           1.920     3.331    clk_100mhz_IBUF
    BUFGCTRL_X0Y16       BUFG (Prop_bufg_I_O)         0.091     3.422 r  clk_100mhz_IBUF_BUFG_inst/O
                         net (fo=27, routed)          1.601     5.024    clk_div_inst/clk_100mhz
    SLICE_X0Y87          FDCE                                         r  clk_div_inst/counter_reg[21]/C

Slack:                    inf
  Source:                 reset
                            (input port)
  Destination:            clk_div_inst/counter_reg[22]/CLR
                            (recovery check against rising-edge clock sys_clk_pin  {rise@0.000ns fall@5.000ns period=10.000ns})
  Path Group:             (none)
  Path Type:              Recovery (Max at Slow Process Corner)
  Data Path Delay:        3.306ns  (logic 1.477ns (44.668%)  route 1.829ns (55.332%))
  Logic Levels:           1  (IBUF=1)
  Clock Path Skew:        5.024ns (DCD - SCD + CPR)
    Destination Clock Delay (DCD):    5.024ns
    Source Clock Delay      (SCD):    0.000ns
    Clock Pessimism Removal (CPR):    0.000ns
  Clock Uncertainty:      0.025ns  ((TSJ^2 + TIJ^2)^1/2 + DJ) / 2 + PE
    Total System Jitter     (TSJ):    0.050ns
    Total Input Jitter      (TIJ):    0.000ns
    Discrete Jitter          (DJ):    0.000ns
    Phase Error              (PE):    0.000ns

    Location             Delay type                Incr(ns)  Path(ns)    Netlist Resource(s)
  -------------------------------------------------------------------    -------------------
    N17                                               0.000     0.000 f  reset (IN)
                         net (fo=0)                   0.000     0.000    reset
    N17                  IBUF (Prop_ibuf_I_O)         1.477     1.477 f  reset_IBUF_inst/O
                         net (fo=31, routed)          1.829     3.306    clk_div_inst/AR[0]
    SLICE_X0Y87          FDCE                                         f  clk_div_inst/counter_reg[22]/CLR
  -------------------------------------------------------------------    -------------------

                         (clock sys_clk_pin rise edge)
                                                      0.000     0.000 r  
    E3                                                0.000     0.000 r  clk_100mhz (IN)
                         net (fo=0)                   0.000     0.000    clk_100mhz
    E3                   IBUF (Prop_ibuf_I_O)         1.411     1.411 r  clk_100mhz_IBUF_inst/O
                         net (fo=1, routed)           1.920     3.331    clk_100mhz_IBUF
    BUFGCTRL_X0Y16       BUFG (Prop_bufg_I_O)         0.091     3.422 r  clk_100mhz_IBUF_BUFG_inst/O
                         net (fo=27, routed)          1.601     5.024    clk_div_inst/clk_100mhz
    SLICE_X0Y87          FDCE                                         r  clk_div_inst/counter_reg[22]/C

Slack:                    inf
  Source:                 reset
                            (input port)
  Destination:            clk_div_inst/counter_reg[23]/CLR
                            (recovery check against rising-edge clock sys_clk_pin  {rise@0.000ns fall@5.000ns period=10.000ns})
  Path Group:             (none)
  Path Type:              Recovery (Max at Slow Process Corner)
  Data Path Delay:        3.306ns  (logic 1.477ns (44.668%)  route 1.829ns (55.332%))
  Logic Levels:           1  (IBUF=1)
  Clock Path Skew:        5.024ns (DCD - SCD + CPR)
    Destination Clock Delay (DCD):    5.024ns
    Source Clock Delay      (SCD):    0.000ns
    Clock Pessimism Removal (CPR):    0.000ns
  Clock Uncertainty:      0.025ns  ((TSJ^2 + TIJ^2)^1/2 + DJ) / 2 + PE
    Total System Jitter     (TSJ):    0.050ns
    Total Input Jitter      (TIJ):    0.000ns
    Discrete Jitter          (DJ):    0.000ns
    Phase Error              (PE):    0.000ns

    Location             Delay type                Incr(ns)  Path(ns)    Netlist Resource(s)
  -------------------------------------------------------------------    -------------------
    N17                                               0.000     0.000 f  reset (IN)
                         net (fo=0)                   0.000     0.000    reset
    N17                  IBUF (Prop_ibuf_I_O)         1.477     1.477 f  reset_IBUF_inst/O
                         net (fo=31, routed)          1.829     3.306    clk_div_inst/AR[0]
    SLICE_X0Y87          FDCE                                         f  clk_div_inst/counter_reg[23]/CLR
  -------------------------------------------------------------------    -------------------

                         (clock sys_clk_pin rise edge)
                                                      0.000     0.000 r  
    E3                                                0.000     0.000 r  clk_100mhz (IN)
                         net (fo=0)                   0.000     0.000    clk_100mhz
    E3                   IBUF (Prop_ibuf_I_O)         1.411     1.411 r  clk_100mhz_IBUF_inst/O
                         net (fo=1, routed)           1.920     3.331    clk_100mhz_IBUF
    BUFGCTRL_X0Y16       BUFG (Prop_bufg_I_O)         0.091     3.422 r  clk_100mhz_IBUF_BUFG_inst/O
                         net (fo=27, routed)          1.601     5.024    clk_div_inst/clk_100mhz
    SLICE_X0Y87          FDCE                                         r  clk_div_inst/counter_reg[23]/C

Slack:                    inf
  Source:                 reset
                            (input port)
  Destination:            clk_div_inst/counter_reg[16]/CLR
                            (recovery check against rising-edge clock sys_clk_pin  {rise@0.000ns fall@5.000ns period=10.000ns})
  Path Group:             (none)
  Path Type:              Recovery (Max at Slow Process Corner)
  Data Path Delay:        2.999ns  (logic 1.477ns (49.239%)  route 1.522ns (50.761%))
  Logic Levels:           1  (IBUF=1)
  Clock Path Skew:        5.023ns (DCD - SCD + CPR)
    Destination Clock Delay (DCD):    5.023ns
    Source Clock Delay      (SCD):    0.000ns
    Clock Pessimism Removal (CPR):    0.000ns
  Clock Uncertainty:      0.025ns  ((TSJ^2 + TIJ^2)^1/2 + DJ) / 2 + PE
    Total System Jitter     (TSJ):    0.050ns
    Total Input Jitter      (TIJ):    0.000ns
    Discrete Jitter          (DJ):    0.000ns
    Phase Error              (PE):    0.000ns

    Location             Delay type                Incr(ns)  Path(ns)    Netlist Resource(s)
  -------------------------------------------------------------------    -------------------
    N17                                               0.000     0.000 f  reset (IN)
                         net (fo=0)                   0.000     0.000    reset
    N17                  IBUF (Prop_ibuf_I_O)         1.477     1.477 f  reset_IBUF_inst/O
                         net (fo=31, routed)          1.522     2.999    clk_div_inst/AR[0]
    SLICE_X0Y86          FDCE                                         f  clk_div_inst/counter_reg[16]/CLR
  -------------------------------------------------------------------    -------------------

                         (clock sys_clk_pin rise edge)
                                                      0.000     0.000 r  
    E3                                                0.000     0.000 r  clk_100mhz (IN)
                         net (fo=0)                   0.000     0.000    clk_100mhz
    E3                   IBUF (Prop_ibuf_I_O)         1.411     1.411 r  clk_100mhz_IBUF_inst/O
                         net (fo=1, routed)           1.920     3.331    clk_100mhz_IBUF
    BUFGCTRL_X0Y16       BUFG (Prop_bufg_I_O)         0.091     3.422 r  clk_100mhz_IBUF_BUFG_inst/O
                         net (fo=27, routed)          1.600     5.023    clk_div_inst/clk_100mhz
    SLICE_X0Y86          FDCE                                         r  clk_div_inst/counter_reg[16]/C

Slack:                    inf
  Source:                 reset
                            (input port)
  Destination:            clk_div_inst/counter_reg[17]/CLR
                            (recovery check against rising-edge clock sys_clk_pin  {rise@0.000ns fall@5.000ns period=10.000ns})
  Path Group:             (none)
  Path Type:              Recovery (Max at Slow Process Corner)
  Data Path Delay:        2.999ns  (logic 1.477ns (49.239%)  route 1.522ns (50.761%))
  Logic Levels:           1  (IBUF=1)
  Clock Path Skew:        5.023ns (DCD - SCD + CPR)
    Destination Clock Delay (DCD):    5.023ns
    Source Clock Delay      (SCD):    0.000ns
    Clock Pessimism Removal (CPR):    0.000ns
  Clock Uncertainty:      0.025ns  ((TSJ^2 + TIJ^2)^1/2 + DJ) / 2 + PE
    Total System Jitter     (TSJ):    0.050ns
    Total Input Jitter      (TIJ):    0.000ns
    Discrete Jitter          (DJ):    0.000ns
    Phase Error              (PE):    0.000ns

    Location             Delay type                Incr(ns)  Path(ns)    Netlist Resource(s)
  -------------------------------------------------------------------    -------------------
    N17                                               0.000     0.000 f  reset (IN)
                         net (fo=0)                   0.000     0.000    reset
    N17                  IBUF (Prop_ibuf_I_O)         1.477     1.477 f  reset_IBUF_inst/O
                         net (fo=31, routed)          1.522     2.999    clk_div_inst/AR[0]
    SLICE_X0Y86          FDCE                                         f  clk_div_inst/counter_reg[17]/CLR
  -------------------------------------------------------------------    -------------------

                         (clock sys_clk_pin rise edge)
                                                      0.000     0.000 r  
    E3                                                0.000     0.000 r  clk_100mhz (IN)
                         net (fo=0)                   0.000     0.000    clk_100mhz
    E3                   IBUF (Prop_ibuf_I_O)         1.411     1.411 r  clk_100mhz_IBUF_inst/O
                         net (fo=1, routed)           1.920     3.331    clk_100mhz_IBUF
    BUFGCTRL_X0Y16       BUFG (Prop_bufg_I_O)         0.091     3.422 r  clk_100mhz_IBUF_BUFG_inst/O
                         net (fo=27, routed)          1.600     5.023    clk_div_inst/clk_100mhz
    SLICE_X0Y86          FDCE                                         r  clk_div_inst/counter_reg[17]/C

Slack:                    inf
  Source:                 reset
                            (input port)
  Destination:            clk_div_inst/counter_reg[18]/CLR
                            (recovery check against rising-edge clock sys_clk_pin  {rise@0.000ns fall@5.000ns period=10.000ns})
  Path Group:             (none)
  Path Type:              Recovery (Max at Slow Process Corner)
  Data Path Delay:        2.999ns  (logic 1.477ns (49.239%)  route 1.522ns (50.761%))
  Logic Levels:           1  (IBUF=1)
  Clock Path Skew:        5.023ns (DCD - SCD + CPR)
    Destination Clock Delay (DCD):    5.023ns
    Source Clock Delay      (SCD):    0.000ns
    Clock Pessimism Removal (CPR):    0.000ns
  Clock Uncertainty:      0.025ns  ((TSJ^2 + TIJ^2)^1/2 + DJ) / 2 + PE
    Total System Jitter     (TSJ):    0.050ns
    Total Input Jitter      (TIJ):    0.000ns
    Discrete Jitter          (DJ):    0.000ns
    Phase Error              (PE):    0.000ns

    Location             Delay type                Incr(ns)  Path(ns)    Netlist Resource(s)
  -------------------------------------------------------------------    -------------------
    N17                                               0.000     0.000 f  reset (IN)
                         net (fo=0)                   0.000     0.000    reset
    N17                  IBUF (Prop_ibuf_I_O)         1.477     1.477 f  reset_IBUF_inst/O
                         net (fo=31, routed)          1.522     2.999    clk_div_inst/AR[0]
    SLICE_X0Y86          FDCE                                         f  clk_div_inst/counter_reg[18]/CLR
  -------------------------------------------------------------------    -------------------

                         (clock sys_clk_pin rise edge)
                                                      0.000     0.000 r  
    E3                                                0.000     0.000 r  clk_100mhz (IN)
                         net (fo=0)                   0.000     0.000    clk_100mhz
    E3                   IBUF (Prop_ibuf_I_O)         1.411     1.411 r  clk_100mhz_IBUF_inst/O
                         net (fo=1, routed)           1.920     3.331    clk_100mhz_IBUF
    BUFGCTRL_X0Y16       BUFG (Prop_bufg_I_O)         0.091     3.422 r  clk_100mhz_IBUF_BUFG_inst/O
                         net (fo=27, routed)          1.600     5.023    clk_div_inst/clk_100mhz
    SLICE_X0Y86          FDCE                                         r  clk_div_inst/counter_reg[18]/C

Slack:                    inf
  Source:                 reset
                            (input port)
  Destination:            clk_div_inst/counter_reg[19]/CLR
                            (recovery check against rising-edge clock sys_clk_pin  {rise@0.000ns fall@5.000ns period=10.000ns})
  Path Group:             (none)
  Path Type:              Recovery (Max at Slow Process Corner)
  Data Path Delay:        2.999ns  (logic 1.477ns (49.239%)  route 1.522ns (50.761%))
  Logic Levels:           1  (IBUF=1)
  Clock Path Skew:        5.023ns (DCD - SCD + CPR)
    Destination Clock Delay (DCD):    5.023ns
    Source Clock Delay      (SCD):    0.000ns
    Clock Pessimism Removal (CPR):    0.000ns
  Clock Uncertainty:      0.025ns  ((TSJ^2 + TIJ^2)^1/2 + DJ) / 2 + PE
    Total System Jitter     (TSJ):    0.050ns
    Total Input Jitter      (TIJ):    0.000ns
    Discrete Jitter          (DJ):    0.000ns
    Phase Error              (PE):    0.000ns

    Location             Delay type                Incr(ns)  Path(ns)    Netlist Resource(s)
  -------------------------------------------------------------------    -------------------
    N17                                               0.000     0.000 f  reset (IN)
                         net (fo=0)                   0.000     0.000    reset
    N17                  IBUF (Prop_ibuf_I_O)         1.477     1.477 f  reset_IBUF_inst/O
                         net (fo=31, routed)          1.522     2.999    clk_div_inst/AR[0]
    SLICE_X0Y86          FDCE                                         f  clk_div_inst/counter_reg[19]/CLR
  -------------------------------------------------------------------    -------------------

                         (clock sys_clk_pin rise edge)
                                                      0.000     0.000 r  
    E3                                                0.000     0.000 r  clk_100mhz (IN)
                         net (fo=0)                   0.000     0.000    clk_100mhz
    E3                   IBUF (Prop_ibuf_I_O)         1.411     1.411 r  clk_100mhz_IBUF_inst/O
                         net (fo=1, routed)           1.920     3.331    clk_100mhz_IBUF
    BUFGCTRL_X0Y16       BUFG (Prop_bufg_I_O)         0.091     3.422 r  clk_100mhz_IBUF_BUFG_inst/O
                         net (fo=27, routed)          1.600     5.023    clk_div_inst/clk_100mhz
    SLICE_X0Y86          FDCE                                         r  clk_div_inst/counter_reg[19]/C





Min Delay Paths
--------------------------------------------------------------------------------------
Slack:                    inf
  Source:                 reset
                            (input port)
  Destination:            clk_div_inst/counter_reg[0]/CLR
                            (removal check against rising-edge clock sys_clk_pin  {rise@0.000ns fall@5.000ns period=10.000ns})
  Path Group:             (none)
  Path Type:              Removal (Min at Fast Process Corner)
  Data Path Delay:        0.609ns  (logic 0.244ns (40.165%)  route 0.364ns (59.835%))
  Logic Levels:           1  (IBUF=1)
  Clock Path Skew:        2.034ns (DCD - SCD - CPR)
    Destination Clock Delay (DCD):    2.034ns
    Source Clock Delay      (SCD):    0.000ns
    Clock Pessimism Removal (CPR):    -0.000ns

    Location             Delay type                Incr(ns)  Path(ns)    Netlist Resource(s)
  -------------------------------------------------------------------    -------------------
    N17                                               0.000     0.000 f  reset (IN)
                         net (fo=0)                   0.000     0.000    reset
    N17                  IBUF (Prop_ibuf_I_O)         0.244     0.244 f  reset_IBUF_inst/O
                         net (fo=31, routed)          0.364     0.609    clk_div_inst/AR[0]
    SLICE_X0Y82          FDCE                                         f  clk_div_inst/counter_reg[0]/CLR
  -------------------------------------------------------------------    -------------------

                         (clock sys_clk_pin rise edge)
                                                      0.000     0.000 r  
    E3                                                0.000     0.000 r  clk_100mhz (IN)
                         net (fo=0)                   0.000     0.000    clk_100mhz
    E3                   IBUF (Prop_ibuf_I_O)         0.438     0.438 r  clk_100mhz_IBUF_inst/O
                         net (fo=1, routed)           0.699     1.136    clk_100mhz_IBUF
    BUFGCTRL_X0Y16       BUFG (Prop_bufg_I_O)         0.029     1.165 r  clk_100mhz_IBUF_BUFG_inst/O
                         net (fo=27, routed)          0.869     2.034    clk_div_inst/clk_100mhz
    SLICE_X0Y82          FDCE                                         r  clk_div_inst/counter_reg[0]/C

Slack:                    inf
  Source:                 reset
                            (input port)
  Destination:            clk_div_inst/counter_reg[1]/CLR
                            (removal check against rising-edge clock sys_clk_pin  {rise@0.000ns fall@5.000ns period=10.000ns})
  Path Group:             (none)
  Path Type:              Removal (Min at Fast Process Corner)
  Data Path Delay:        0.609ns  (logic 0.244ns (40.165%)  route 0.364ns (59.835%))
  Logic Levels:           1  (IBUF=1)
  Clock Path Skew:        2.034ns (DCD - SCD - CPR)
    Destination Clock Delay (DCD):    2.034ns
    Source Clock Delay      (SCD):    0.000ns
    Clock Pessimism Removal (CPR):    -0.000ns

    Location             Delay type                Incr(ns)  Path(ns)    Netlist Resource(s)
  -------------------------------------------------------------------    -------------------
    N17                                               0.000     0.000 f  reset (IN)
                         net (fo=0)                   0.000     0.000    reset
    N17                  IBUF (Prop_ibuf_I_O)         0.244     0.244 f  reset_IBUF_inst/O
                         net (fo=31, routed)          0.364     0.609    clk_div_inst/AR[0]
    SLICE_X0Y82          FDCE                                         f  clk_div_inst/counter_reg[1]/CLR
  -------------------------------------------------------------------    -------------------

                         (clock sys_clk_pin rise edge)
                                                      0.000     0.000 r  
    E3                                                0.000     0.000 r  clk_100mhz (IN)
                         net (fo=0)                   0.000     0.000    clk_100mhz
    E3                   IBUF (Prop_ibuf_I_O)         0.438     0.438 r  clk_100mhz_IBUF_inst/O
                         net (fo=1, routed)           0.699     1.136    clk_100mhz_IBUF
    BUFGCTRL_X0Y16       BUFG (Prop_bufg_I_O)         0.029     1.165 r  clk_100mhz_IBUF_BUFG_inst/O
                         net (fo=27, routed)          0.869     2.034    clk_div_inst/clk_100mhz
    SLICE_X0Y82          FDCE                                         r  clk_div_inst/counter_reg[1]/C

Slack:                    inf
  Source:                 reset
                            (input port)
  Destination:            clk_div_inst/counter_reg[2]/CLR
                            (removal check against rising-edge clock sys_clk_pin  {rise@0.000ns fall@5.000ns period=10.000ns})
  Path Group:             (none)
  Path Type:              Removal (Min at Fast Process Corner)
  Data Path Delay:        0.609ns  (logic 0.244ns (40.165%)  route 0.364ns (59.835%))
  Logic Levels:           1  (IBUF=1)
  Clock Path Skew:        2.034ns (DCD - SCD - CPR)
    Destination Clock Delay (DCD):    2.034ns
    Source Clock Delay      (SCD):    0.000ns
    Clock Pessimism Removal (CPR):    -0.000ns

    Location             Delay type                Incr(ns)  Path(ns)    Netlist Resource(s)
  -------------------------------------------------------------------    -------------------
    N17                                               0.000     0.000 f  reset (IN)
                         net (fo=0)                   0.000     0.000    reset
    N17                  IBUF (Prop_ibuf_I_O)         0.244     0.244 f  reset_IBUF_inst/O
                         net (fo=31, routed)          0.364     0.609    clk_div_inst/AR[0]
    SLICE_X0Y82          FDCE                                         f  clk_div_inst/counter_reg[2]/CLR
  -------------------------------------------------------------------    -------------------

                         (clock sys_clk_pin rise edge)
                                                      0.000     0.000 r  
    E3                                                0.000     0.000 r  clk_100mhz (IN)
                         net (fo=0)                   0.000     0.000    clk_100mhz
    E3                   IBUF (Prop_ibuf_I_O)         0.438     0.438 r  clk_100mhz_IBUF_inst/O
                         net (fo=1, routed)           0.699     1.136    clk_100mhz_IBUF
    BUFGCTRL_X0Y16       BUFG (Prop_bufg_I_O)         0.029     1.165 r  clk_100mhz_IBUF_BUFG_inst/O
                         net (fo=27, routed)          0.869     2.034    clk_div_inst/clk_100mhz
    SLICE_X0Y82          FDCE                                         r  clk_div_inst/counter_reg[2]/C

Slack:                    inf
  Source:                 reset
                            (input port)
  Destination:            clk_div_inst/counter_reg[3]/CLR
                            (removal check against rising-edge clock sys_clk_pin  {rise@0.000ns fall@5.000ns period=10.000ns})
  Path Group:             (none)
  Path Type:              Removal (Min at Fast Process Corner)
  Data Path Delay:        0.609ns  (logic 0.244ns (40.165%)  route 0.364ns (59.835%))
  Logic Levels:           1  (IBUF=1)
  Clock Path Skew:        2.034ns (DCD - SCD - CPR)
    Destination Clock Delay (DCD):    2.034ns
    Source Clock Delay      (SCD):    0.000ns
    Clock Pessimism Removal (CPR):    -0.000ns

    Location             Delay type                Incr(ns)  Path(ns)    Netlist Resource(s)
  -------------------------------------------------------------------    -------------------
    N17                                               0.000     0.000 f  reset (IN)
                         net (fo=0)                   0.000     0.000    reset
    N17                  IBUF (Prop_ibuf_I_O)         0.244     0.244 f  reset_IBUF_inst/O
                         net (fo=31, routed)          0.364     0.609    clk_div_inst/AR[0]
    SLICE_X0Y82          FDCE                                         f  clk_div_inst/counter_reg[3]/CLR
  -------------------------------------------------------------------    -------------------

                         (clock sys_clk_pin rise edge)
                                                      0.000     0.000 r  
    E3                                                0.000     0.000 r  clk_100mhz (IN)
                         net (fo=0)                   0.000     0.000    clk_100mhz
    E3                   IBUF (Prop_ibuf_I_O)         0.438     0.438 r  clk_100mhz_IBUF_inst/O
                         net (fo=1, routed)           0.699     1.136    clk_100mhz_IBUF
    BUFGCTRL_X0Y16       BUFG (Prop_bufg_I_O)         0.029     1.165 r  clk_100mhz_IBUF_BUFG_inst/O
                         net (fo=27, routed)          0.869     2.034    clk_div_inst/clk_100mhz
    SLICE_X0Y82          FDCE                                         r  clk_div_inst/counter_reg[3]/C

Slack:                    inf
  Source:                 reset
                            (input port)
  Destination:            clk_div_inst/counter_reg[4]/CLR
                            (removal check against rising-edge clock sys_clk_pin  {rise@0.000ns fall@5.000ns period=10.000ns})
  Path Group:             (none)
  Path Type:              Removal (Min at Fast Process Corner)
  Data Path Delay:        0.672ns  (logic 0.244ns (36.382%)  route 0.427ns (63.618%))
  Logic Levels:           1  (IBUF=1)
  Clock Path Skew:        2.035ns (DCD - SCD - CPR)
    Destination Clock Delay (DCD):    2.035ns
    Source Clock Delay      (SCD):    0.000ns
    Clock Pessimism Removal (CPR):    -0.000ns

    Location             Delay type                Incr(ns)  Path(ns)    Netlist Resource(s)
  -------------------------------------------------------------------    -------------------
    N17                                               0.000     0.000 f  reset (IN)
                         net (fo=0)                   0.000     0.000    reset
    N17                  IBUF (Prop_ibuf_I_O)         0.244     0.244 f  reset_IBUF_inst/O
                         net (fo=31, routed)          0.427     0.672    clk_div_inst/AR[0]
    SLICE_X0Y83          FDCE                                         f  clk_div_inst/counter_reg[4]/CLR
  -------------------------------------------------------------------    -------------------

                         (clock sys_clk_pin rise edge)
                                                      0.000     0.000 r  
    E3                                                0.000     0.000 r  clk_100mhz (IN)
                         net (fo=0)                   0.000     0.000    clk_100mhz
    E3                   IBUF (Prop_ibuf_I_O)         0.438     0.438 r  clk_100mhz_IBUF_inst/O
                         net (fo=1, routed)           0.699     1.136    clk_100mhz_IBUF
    BUFGCTRL_X0Y16       BUFG (Prop_bufg_I_O)         0.029     1.165 r  clk_100mhz_IBUF_BUFG_inst/O
                         net (fo=27, routed)          0.870     2.035    clk_div_inst/clk_100mhz
    SLICE_X0Y83          FDCE                                         r  clk_div_inst/counter_reg[4]/C

Slack:                    inf
  Source:                 reset
                            (input port)
  Destination:            clk_div_inst/counter_reg[5]/CLR
                            (removal check against rising-edge clock sys_clk_pin  {rise@0.000ns fall@5.000ns period=10.000ns})
  Path Group:             (none)
  Path Type:              Removal (Min at Fast Process Corner)
  Data Path Delay:        0.672ns  (logic 0.244ns (36.382%)  route 0.427ns (63.618%))
  Logic Levels:           1  (IBUF=1)
  Clock Path Skew:        2.035ns (DCD - SCD - CPR)
    Destination Clock Delay (DCD):    2.035ns
    Source Clock Delay      (SCD):    0.000ns
    Clock Pessimism Removal (CPR):    -0.000ns

    Location             Delay type                Incr(ns)  Path(ns)    Netlist Resource(s)
  -------------------------------------------------------------------    -------------------
    N17                                               0.000     0.000 f  reset (IN)
                         net (fo=0)                   0.000     0.000    reset
    N17                  IBUF (Prop_ibuf_I_O)         0.244     0.244 f  reset_IBUF_inst/O
                         net (fo=31, routed)          0.427     0.672    clk_div_inst/AR[0]
    SLICE_X0Y83          FDCE                                         f  clk_div_inst/counter_reg[5]/CLR
  -------------------------------------------------------------------    -------------------

                         (clock sys_clk_pin rise edge)
                                                      0.000     0.000 r  
    E3                                                0.000     0.000 r  clk_100mhz (IN)
                         net (fo=0)                   0.000     0.000    clk_100mhz
    E3                   IBUF (Prop_ibuf_I_O)         0.438     0.438 r  clk_100mhz_IBUF_inst/O
                         net (fo=1, routed)           0.699     1.136    clk_100mhz_IBUF
    BUFGCTRL_X0Y16       BUFG (Prop_bufg_I_O)         0.029     1.165 r  clk_100mhz_IBUF_BUFG_inst/O
                         net (fo=27, routed)          0.870     2.035    clk_div_inst/clk_100mhz
    SLICE_X0Y83          FDCE                                         r  clk_div_inst/counter_reg[5]/C

Slack:                    inf
  Source:                 reset
                            (input port)
  Destination:            clk_div_inst/counter_reg[6]/CLR
                            (removal check against rising-edge clock sys_clk_pin  {rise@0.000ns fall@5.000ns period=10.000ns})
  Path Group:             (none)
  Path Type:              Removal (Min at Fast Process Corner)
  Data Path Delay:        0.672ns  (logic 0.244ns (36.382%)  route 0.427ns (63.618%))
  Logic Levels:           1  (IBUF=1)
  Clock Path Skew:        2.035ns (DCD - SCD - CPR)
    Destination Clock Delay (DCD):    2.035ns
    Source Clock Delay      (SCD):    0.000ns
    Clock Pessimism Removal (CPR):    -0.000ns

    Location             Delay type                Incr(ns)  Path(ns)    Netlist Resource(s)
  -------------------------------------------------------------------    -------------------
    N17                                               0.000     0.000 f  reset (IN)
                         net (fo=0)                   0.000     0.000    reset
    N17                  IBUF (Prop_ibuf_I_O)         0.244     0.244 f  reset_IBUF_inst/O
                         net (fo=31, routed)          0.427     0.672    clk_div_inst/AR[0]
    SLICE_X0Y83          FDCE                                         f  clk_div_inst/counter_reg[6]/CLR
  -------------------------------------------------------------------    -------------------

                         (clock sys_clk_pin rise edge)
                                                      0.000     0.000 r  
    E3                                                0.000     0.000 r  clk_100mhz (IN)
                         net (fo=0)                   0.000     0.000    clk_100mhz
    E3                   IBUF (Prop_ibuf_I_O)         0.438     0.438 r  clk_100mhz_IBUF_inst/O
                         net (fo=1, routed)           0.699     1.136    clk_100mhz_IBUF
    BUFGCTRL_X0Y16       BUFG (Prop_bufg_I_O)         0.029     1.165 r  clk_100mhz_IBUF_BUFG_inst/O
                         net (fo=27, routed)          0.870     2.035    clk_div_inst/clk_100mhz
    SLICE_X0Y83          FDCE                                         r  clk_div_inst/counter_reg[6]/C

Slack:                    inf
  Source:                 reset
                            (input port)
  Destination:            clk_div_inst/counter_reg[7]/CLR
                            (removal check against rising-edge clock sys_clk_pin  {rise@0.000ns fall@5.000ns period=10.000ns})
  Path Group:             (none)
  Path Type:              Removal (Min at Fast Process Corner)
  Data Path Delay:        0.672ns  (logic 0.244ns (36.382%)  route 0.427ns (63.618%))
  Logic Levels:           1  (IBUF=1)
  Clock Path Skew:        2.035ns (DCD - SCD - CPR)
    Destination Clock Delay (DCD):    2.035ns
    Source Clock Delay      (SCD):    0.000ns
    Clock Pessimism Removal (CPR):    -0.000ns

    Location             Delay type                Incr(ns)  Path(ns)    Netlist Resource(s)
  -------------------------------------------------------------------    -------------------
    N17                                               0.000     0.000 f  reset (IN)
                         net (fo=0)                   0.000     0.000    reset
    N17                  IBUF (Prop_ibuf_I_O)         0.244     0.244 f  reset_IBUF_inst/O
                         net (fo=31, routed)          0.427     0.672    clk_div_inst/AR[0]
    SLICE_X0Y83          FDCE                                         f  clk_div_inst/counter_reg[7]/CLR
  -------------------------------------------------------------------    -------------------

                         (clock sys_clk_pin rise edge)
                                                      0.000     0.000 r  
    E3                                                0.000     0.000 r  clk_100mhz (IN)
                         net (fo=0)                   0.000     0.000    clk_100mhz
    E3                   IBUF (Prop_ibuf_I_O)         0.438     0.438 r  clk_100mhz_IBUF_inst/O
                         net (fo=1, routed)           0.699     1.136    clk_100mhz_IBUF
    BUFGCTRL_X0Y16       BUFG (Prop_bufg_I_O)         0.029     1.165 r  clk_100mhz_IBUF_BUFG_inst/O
                         net (fo=27, routed)          0.870     2.035    clk_div_inst/clk_100mhz
    SLICE_X0Y83          FDCE                                         r  clk_div_inst/counter_reg[7]/C

Slack:                    inf
  Source:                 reset
                            (input port)
  Destination:            clk_div_inst/counter_reg[10]/CLR
                            (removal check against rising-edge clock sys_clk_pin  {rise@0.000ns fall@5.000ns period=10.000ns})
  Path Group:             (none)
  Path Type:              Removal (Min at Fast Process Corner)
  Data Path Delay:        0.735ns  (logic 0.244ns (33.250%)  route 0.491ns (66.750%))
  Logic Levels:           1  (IBUF=1)
  Clock Path Skew:        2.036ns (DCD - SCD - CPR)
    Destination Clock Delay (DCD):    2.036ns
    Source Clock Delay      (SCD):    0.000ns
    Clock Pessimism Removal (CPR):    -0.000ns

    Location             Delay type                Incr(ns)  Path(ns)    Netlist Resource(s)
  -------------------------------------------------------------------    -------------------
    N17                                               0.000     0.000 f  reset (IN)
                         net (fo=0)                   0.000     0.000    reset
    N17                  IBUF (Prop_ibuf_I_O)         0.244     0.244 f  reset_IBUF_inst/O
                         net (fo=31, routed)          0.491     0.735    clk_div_inst/AR[0]
    SLICE_X0Y84          FDCE                                         f  clk_div_inst/counter_reg[10]/CLR
  -------------------------------------------------------------------    -------------------

                         (clock sys_clk_pin rise edge)
                                                      0.000     0.000 r  
    E3                                                0.000     0.000 r  clk_100mhz (IN)
                         net (fo=0)                   0.000     0.000    clk_100mhz
    E3                   IBUF (Prop_ibuf_I_O)         0.438     0.438 r  clk_100mhz_IBUF_inst/O
                         net (fo=1, routed)           0.699     1.136    clk_100mhz_IBUF
    BUFGCTRL_X0Y16       BUFG (Prop_bufg_I_O)         0.029     1.165 r  clk_100mhz_IBUF_BUFG_inst/O
                         net (fo=27, routed)          0.871     2.036    clk_div_inst/clk_100mhz
    SLICE_X0Y84          FDCE                                         r  clk_div_inst/counter_reg[10]/C

Slack:                    inf
  Source:                 reset
                            (input port)
  Destination:            clk_div_inst/counter_reg[11]/CLR
                            (removal check against rising-edge clock sys_clk_pin  {rise@0.000ns fall@5.000ns period=10.000ns})
  Path Group:             (none)
  Path Type:              Removal (Min at Fast Process Corner)
  Data Path Delay:        0.735ns  (logic 0.244ns (33.250%)  route 0.491ns (66.750%))
  Logic Levels:           1  (IBUF=1)
  Clock Path Skew:        2.036ns (DCD - SCD - CPR)
    Destination Clock Delay (DCD):    2.036ns
    Source Clock Delay      (SCD):    0.000ns
    Clock Pessimism Removal (CPR):    -0.000ns

    Location             Delay type                Incr(ns)  Path(ns)    Netlist Resource(s)
  -------------------------------------------------------------------    -------------------
    N17                                               0.000     0.000 f  reset (IN)
                         net (fo=0)                   0.000     0.000    reset
    N17                  IBUF (Prop_ibuf_I_O)         0.244     0.244 f  reset_IBUF_inst/O
                         net (fo=31, routed)          0.491     0.735    clk_div_inst/AR[0]
    SLICE_X0Y84          FDCE                                         f  clk_div_inst/counter_reg[11]/CLR
  -------------------------------------------------------------------    -------------------

                         (clock sys_clk_pin rise edge)
                                                      0.000     0.000 r  
    E3                                                0.000     0.000 r  clk_100mhz (IN)
                         net (fo=0)                   0.000     0.000    clk_100mhz
    E3                   IBUF (Prop_ibuf_I_O)         0.438     0.438 r  clk_100mhz_IBUF_inst/O
                         net (fo=1, routed)           0.699     1.136    clk_100mhz_IBUF
    BUFGCTRL_X0Y16       BUFG (Prop_bufg_I_O)         0.029     1.165 r  clk_100mhz_IBUF_BUFG_inst/O
                         net (fo=27, routed)          0.871     2.036    clk_div_inst/clk_100mhz
    SLICE_X0Y84          FDCE                                         r  clk_div_inst/counter_reg[11]/C





